stock_code,stockId,name,market
00010,17,HANG LUNG GROUP,SEHK
00101,162,HANG LUNG PPT,SEHK
00103,165,SHOUGANG C-NEW,SEHK
00104,167,ASIA COMM HOLD,SEHK
00105,169,ASSO INT HOTELS,SEHK
00106,170,LANDSEA MGMT,SEHK
00107,171,SICHUAN EXPRESS,SEHK
00108,174,GR LIFE STYLE,SEHK
01000,8414,BEIJING MEDIA,SEHK
01001,2337,HK SH ALLIANCE,SEHK
00009,13,KEYNE LTD,SEHK
00090,35469,PUXING ENERGY,SEHK
00092,149,CHAMPION TECH,SEHK
00093,151,ZERO FINTECH,SEHK
00094,153,GREENHEART GP,SEHK
00095,10179,LVGEM CHINA,SEHK
00096,56791,YUSEI,SEHK
00097,157,HENDERSON INV,SEHK
00098,22029,XINGFA ALUM,SEHK
00099,159,WONG'S INT'L,SEHK
00003,3,HK & CHINA GAS,SEHK
00030,44,YNBY INTL,SEHK
00031,46,CHINA AEROSPACE,SEHK
00032,47,CROSS-HAR(HOLD),SEHK
00033,19747,INTL GENIUS,SEHK
00034,49,KOWLOON DEV,SEHK
00035,51,FE CONSORT INTL,SEHK
00036,52,FE HLDGS INTL,SEHK
00037,53,FE HOTELS,SEHK
00038,54,FIRST TRACTOR,SEHK
00020,1000127397,SENSETIME-W,SEHK
00200,354,MELCO INT'L DEV,SEHK
00201,355,MAGNIFICENT,SEHK
00202,356,EVERCHINA INT'L,SEHK
00204,359,CAPITAL REALM,SEHK
00205,365,SEEC MEDIA,SEHK
00206,34611,CM-ENERGY,SEHK
00207,369,JOY CITY PPT,SEHK
00209,374,WINSHINE SCI,SEHK
02000,9218,SIM TECH,SEHK
00007,7,WISDOM WEALTH,SEHK
00070,117,RICH GOLDMAN,SEHK
00071,118,MIRAMAR HOTEL,SEHK
00072,37985,META MEDIA,SEHK
00073,41275,ASIAN CITRUS,SEHK
00075,127,Y.T. REALTY,SEHK
00076,128,ELATE HOLDINGS,SEHK
00077,7342,AMS TRANSPORT,SEHK
00078,130,REGAL INT'L,SEHK
00079,131,CENTURY LEGEND,SEHK
00002,2,CLP HOLDINGS,SEHK
00021,32,GREAT CHI HLDGS,SEHK
00022,33,MEXAN,SEHK
00023,34,BANK OF E ASIA,SEHK
00025,36,CHEVALIER INT'L,SEHK
00026,37,CHINA MOTOR BUS,SEHK
00027,38,GALAXY ENT,SEHK
00028,41,TIAN AN,SEHK
00029,43,DYNAMIC HOLD,SEHK
00008,10,PCCW,SEHK
00080,57782,CNEWECON FUND,SEHK
00081,134,CH OVS G OCEANS,SEHK
00082,135,CRAZY SPORTS,SEHK
00083,137,SINO LAND,SEHK
00084,138,STELUX HOLDINGS,SEHK
00085,139,CE HUADA TECH,SEHK
00086,142,SUN HUNG KAI CO,SEHK
00087,143,SWIRE PACIFIC B,SEHK
00088,144,TAI CHEUNG HOLD,SEHK
00700,7609,TENCENT,SEHK
00701,1640,CNT GROUP,SEHK
00702,1641,SINO OIL & GAS,SEHK
00703,1645,FUTURE BRIGHT,SEHK
00704,1648,HUSCOKE HLDGS,SEHK
00707,10943,ATV HOLDINGS,SEHK
00708,21615,EVERG VEHICLE,SEHK
00709,1666,GIORDANO INT'L,SEHK
00050,79,HK FERRY (HOLD),SEHK
00500,1063,FRONTIER SER,SEHK
00505,20532,XINGYE ALLOY,SEHK
00506,1078,CHINA FOODS,SEHK
00508,1083,DINGYI GP INV,SEHK
00509,25471,SUNSHINE,SEHK
05000,1000225300,TFI N2605,SEHK
05001,1000225416,CMB ILM N2706,SEHK
05002,167053,CFAMC III N2711,SEHK
05003,167054,CFAMC III N4711,SEHK
00004,4,WHARF HOLDINGS,SEHK
00040,60,GOLD PEAK,SEHK
00041,61,GREAT EAGLE H,SEHK
00042,62,NE ELECTRIC,SEHK
00045,68,HK&S HOTELS,SEHK
00046,69,COMPUTER & TECH,SEHK
00048,110870,C AUTO INT DECO,SEHK
00400,108524,INGDAN,SEHK
00401,94967,WANJIA GROUP,SEHK
00403,806,STARLITE HOLD,SEHK
00800,1000279593,WERIDE-W,SEHK
00802,31013,CHINA E-WALLET,SEHK
00804,156578,PINESTONE,SEHK
00805,1000243889,NEW GONOW RV,SEHK
00806,19713,VALUE PARTNERS,SEHK
00807,181183,SIICENVIRONMENT,SEHK
00808,10253,PROSPERITY REIT,SEHK
00809,1956,GLOBAL BIO-CHEM,SEHK
08003,5207,GREAT WORLD,SEHK
00900,2125,AEON CREDIT,SEHK
00902,2131,HUANENG POWER,SEHK
00905,2140,WALNUT CAP,SEHK
00907,2147,ELEGANCEOPTICAL,SEHK
00909,1000057174,MING YUAN CLOUD,SEHK
09001,1000089869,PP CNUSDPROP-U,SEHK
09008,1000221539,BOS HSK BTC-U,SEHK
09009,1000221540,BOS HSK ETH-U,SEHK
09010,146475,ISHARES AXJ-U,SEHK
00005,5,HSBC HOLDINGS,SEHK
00051,80,HARBOUR CENTRE,SEHK
00052,81,FAIRWOOD HOLD,SEHK
00053,83,GUOCO GROUP,SEHK
00055,85,NEWAY GROUP,SEHK
00057,88,CHEN HSONG HOLD,SEHK
00058,90,SUNWAY INT'L,SEHK
00059,94,SKYFAME REALTY,SEHK
00001,1,CKH HOLDINGS,SEHK
00011,18,HANG SENG BANK,SEHK
00012,19,HENDERSON LAND,SEHK
00013,1000001102,HUTCHMED,SEHK
00014,21,HYSAN DEV,SEHK
00016,25,SHK PPT,SEHK
00017,27,NEW WORLD DEV,SEHK
00018,28,ORIENTAL E H,SEHK
00019,30,SWIRE PACIFIC A,SEHK
00060,97,HK FOOD INV,SEHK
00601,1403,REMT,SEHK
00602,15458,JIAHUA STORES H,SEHK
00603,1407,CHINA OIL & GAS,SEHK
00604,1408,SHENZHEN INVEST,SEHK
00605,1410,C FIN SERVICES,SEHK
00606,1000100019,SCE CM,SEHK
00607,1413,FULLSHARE,SEHK
00608,1419,HIGH FASHION,SEHK
00609,12537,TIANDE CHEMICAL,SEHK
00110,7031,CHINA FORTUNE,SEHK
01100,2483,MAINLAND HOLD,SEHK
01101,55321,HUARONG ENERGY,SEHK
01102,56834,ENVIRO ENERGY,SEHK
01104,2489,APAC RESOURCES,SEHK
01105,2492,SING TAO,SEHK
01107,80430,MODERN LAND,SEHK
01108,2498,TRIUMPH NEW EN,SEHK
01109,2499,CHINA RES LAND,SEHK
00006,6,POWER ASSETS,SEHK
00061,99,GREEN LEADER,SEHK
00062,102,TRANSPORT INT'L,SEHK
00063,103,CHI ASIA VALLEY,SEHK
00064,104,GET NICE,SEHK
00065,35207,GRAND OCEAN AR,SEHK
00066,111,MTR CORPORATION,SEHK
00069,115,SHANGRI-LA ASIA,SEHK
01002,2338,V.S. INT'L,SEHK
01003,2342,HUANXI MEDIA,SEHK
01004,2343,C SMARTERENERGY,SEHK
01005,2345,MATRIX HOLDINGS,SEHK
01007,54112,LONGHUI INTL,SEHK
01008,31861,LITU HOLDINGS,SEHK
01009,52722,INT'L ENT,SEHK
10001,1000273565,UB-N225@EP2603D,SEHK
00405,10324,YUEXIU REIT,SEHK
00406,810,YAU LEE HOLD,SEHK
00408,812,YIP'S CHEMICAL,SEHK
04012,59694,EFN 3.32 2602,SEHK
04018,66130,EFN 2.07 2608,SEHK
04024,72095,EFN 1.51 2702,SEHK
00300,1000231771,MIDEA GROUP,SEHK
00301,1000018761,SANVO CHEMICALS,SEHK
00302,1000011963,CMGE,SEHK
00303,533,VTECH HOLDINGS,SEHK
00305,535,WULING MOTORS,SEHK
00306,536,KWOON CHUNG BUS,SEHK
00308,539,CHINA TRAVEL HK,SEHK
00309,6347,XH NEWS MEDIA,SEHK
03001,1000089868,PP CNUSDPROP,SEHK
00120,198,COSMOPOL INT'L,SEHK
01200,2679,MIDLAND HOLDING,SEHK
01201,2680,TESSON HOLDINGS,SEHK
01202,2682,SIWI SCI & TECH,SEHK
01203,2683,GUANGNAN (HOLD),SEHK
01204,1000158208,BOARDWARE INTEL,SEHK
01205,2687,CITIC RESOURCES,SEHK
01206,68127,TECHNOVATOR,SEHK
01208,2693,MMG,SEHK
01209,1000066369,CHINA RES MIXC,SEHK
00130,217,MOISELLE INT'L,SEHK
01300,72681,TRIGIANT,SEHK
01301,124583,D&G TECH,SEHK
01302,96020,LIFETECH SCI,SEHK
01303,70370,HUILI RES,SEHK
01304,1000264161,FORTIOR,SEHK
01305,114098,WAI CHI HOLD,SEHK
01308,52746,SITC,SEHK
13004,1000244642,JP-SUNY@EP2512A,SEHK
13005,1000277938,SGTENCT@EC2703A,SEHK
01400,104907,MOODY TECH HLDG,SEHK
01401,1000013222,FUTURE MACH LTD,SEHK
01402,1000018448,I-CONTROL,SEHK
01405,1000176932,DPC DASH,SEHK
01406,1000137808,CLARITY MEDICAL,SEHK
01407,1000172926,JY GAS,SEHK
01408,1000055694,MACAU E&M,SEHK
14001,1000248900,CIXIAMI@EC2609A,SEHK
14022,1000278418,JP-HSBC@EC2606A,SEHK
14026,1000278471,JP-CATL@EC2609A,SEHK
00150,217590,HYPEBEAST,SEHK
01500,121312,INCON,SEHK
01501,1000013339,INT MEDICAL,SEHK
01502,1000044331,FIN STREET PPT,SEHK
01503,1000016858,CMC REIT,SEHK
01508,132637,CHINA RE,SEHK
15000,1000253011,UB-CKH @EC2602A,SEHK
15002,1000253045,UBTENCT@EC2607A,SEHK
15003,1000253078,JP-MTRC@EC2602A,SEHK
15005,1000253110,CTTENCT@EC2607A,SEHK
01701,1000001201,TU YI HLDG,SEHK
01702,157774,DONGGUANG CHEM,SEHK
01703,214496,WELIFE TECH,SEHK
01705,179515,B & S INTL HLDG,SEHK
01707,164266,GEOTECH HLDGS,SEHK
01708,56299,SAMPLE TECH,SEHK
01709,163545,DL HOLDINGS GP,SEHK
17004,1000261608,MB-MNSO@EC2602A,SEHK
17005,1000261643,CIGEELY@EC2604A,SEHK
17006,1000261722,CI-GWMC@EC2607A,SEHK
00180,323,KADER HOLDINGS,SEHK
01800,13273,CHINA COMM CONS,SEHK
01801,202911,INNOVENT BIO,SEHK
01802,1000019988,WENYE GROUP,SEHK
01803,70470,BJ SPORTS & ENT,SEHK
01808,13567,ENTERPRISE DEV,SEHK
01809,200463,PRINX CHENGSHAN,SEHK
18000,1000264903,JP-HKEX@EP2512A,SEHK
18001,1000264873,JP-CPIC@EC2601A,SEHK
18002,1000264839,JPPINAN@EC2601A,SEHK
00160,280,HON KWOK LAND,SEHK
01600,54823,TIAN LUN GAS,SEHK
01601,1000019985,ZGC TEC LEASING,SEHK
01606,142361,CDB LEASING,SEHK
01608,147351,VPOWER GROUP,SEHK
16000,1000257124,BP-AIA @EC2603A,SEHK
16004,1000257123,BPTENCT@EC2606A,SEHK
16020,1000278541,CT-AIA @EC2604A,SEHK
16021,1000257146,SG-AIA @EC2603B,SEHK
16022,1000257297,SGTENCT@EC2606A,SEHK
00220,20216,U-PRESID CHINA,SEHK
02202,107641,CHINA VANKE,SEHK
02203,158007,BRAINHOLE TECH,SEHK
02205,1000101247,KANGQIAO SER,SEHK
02208,48966,GOLDWIND,SEHK
02209,1000101485,YESASIA HLDGS,SEHK
22000,1000280241,HU-HKEX@EP2606A,SEHK
22001,1000280138,HUCNOOC@EP2608A,SEHK
22002,1000280207,HU-CMOB@EP2607A,SEHK
22003,1000280171,HU-CSPC@EP2605A,SEHK
01900,49783,CHINA ITS,SEHK
01901,1000001103,FEIYANG GROUP,SEHK
01903,222839,JBB BUILDERS,SEHK
01905,223487,HAITONG UT,SEHK
01906,220497,BONNY HLDG,SEHK
01907,217089,CHINA RISUN GP,SEHK
01908,107134,C&D INTL GROUP,SEHK
01909,1000001316,FIRE ROCK,SEHK
19000,1000268246,UBXIAMI@EP2601A,SEHK
19001,1000268348,UB-CUNI@EC2603A,SEHK
00210,380,DAPHNE INT'L,SEHK
02100,104604,BAIOO,SEHK
02101,1000056591,FULU HOLDINGS,SEHK
02102,1000058559,TAK LEE MACH,SEHK
02105,1000194000,LAEKNA-B,SEHK
02107,1000060567,FIRST SERVICE,SEHK
02108,215362,K2 F&B,SEHK
21000,1000275062,CI-CMOB@EC2604B,SEHK
21001,1000275101,CIPETCH@EC2609A,SEHK
21002,1000275178,CICP&CC@EC2605A,SEHK
00310,543,PROSP INV HOLD,SEHK
03104,1000239755,A GX EM ASIA,SEHK
03108,1000083321,HGI ESGLEADER,SEHK
03109,1000079934,CSOP STAR 50,SEHK
02001,154010,NEW HIGHER EDU,SEHK
02002,20190,SUNSHINE PAPER,SEHK
02003,188344,VCREDIT,SEHK
02005,10291,SSY GROUP,SEHK
02007,15008,COUNTRY GARDEN,SEHK
02008,29420,PHOENIX TV,SEHK
02009,35961,BBMG,SEHK
20001,1000271948,GJLENOV@EC2602A,SEHK
02600,4646,CHALCO,SEHK
02601,41955,CPIC,SEHK
02602,1000166523,ONEWO,SEHK
02603,1000260664,JIHONG CO,SEHK
02605,1000262117,METALIGHT,SEHK
02607,62403,SH PHARMA,SEHK
02608,102690,SUNSHINE 100,SEHK
02609,1000263115,BAYZED HEALTH,SEHK
26070,1000227418,JP-CCB @EC2812A,SEHK
26074,1000277181,GJALIBA@EC2603H,SEHK
00240,427,BUILD KING HOLD,SEHK
02400,1000016859,XD INC,SEHK
02402,1000179399,SINOHYTEC,SEHK
02405,1000187973,POWERWIN TECH,SEHK
02407,1000176522,GAUSH MEDITECH,SEHK
02409,1000187466,SEACON,SEHK
24002,1000276971,HS-CMOB@EC2603A,SEHK
24032,1000219318,SG-CKA @EC2512A,SEHK
24037,1000219339,MBALIHI@EC2601A,SEHK
24039,1000219348,MB-CHQG@EC2601A,SEHK
00270,477,GUANGDONG INV,SEHK
02700,12319,GREEN INTL HLDG,SEHK
02708,170453,IBO TECH,SEHK
27005,1000231080,JP-NIO @EC2511A,SEHK
27017,1000231192,UB-NIO @EC2511A,SEHK
27022,1000231166,SG-AAC @EC2512A,SEHK
27024,1000231143,MB-CICC@EC2511A,SEHK
27029,1000231229,UBYKENR@EC2512A,SEHK
27031,1000231269,HSYKENR@EC2512A,SEHK
27042,1000231246,BPBAIDU@EC2601A,SEHK
00230,412,MINMETALS LAND,SEHK
02302,4455,CNNC INT'L,SEHK
02306,1000163281,YH ENT,SEHK
02307,7961,KAM HING INT'L,SEHK
02309,4465,ZO FUTURE GROUP,SEHK
23017,1000214413,KS-AIA @EC2512A,SEHK
23077,1000277046,CTKUASO@EC2603A,SEHK
00290,511,GOFINTECH-2K,SEHK
02908,1000087371,IRICO NEWENERGY,SEHK
29005,1000277790,MBASPGI@EC2604A,SEHK
29014,1000240825,SGALIBA@EC2606A,SEHK
29016,1000240970,MB-WYNN@EC2512A,SEHK
29030,1000277716,JP-CATL@EC2603C,SEHK
29032,1000277641,JPSMORE@EC2603A,SEHK
29036,1000240973,JPALIBA@EC2606A,SEHK
29041,1000241028,HSALIBA@EC2512B,SEHK
29043,1000241051,CI-GWMC@EC2511A,SEHK
00320,12370,COMPUTIME,SEHK
02500,1000016501,VENUS MEDTECH-B,SEHK
02501,1000203640,MAIYUE TECH,SEHK
02502,1000210398,JINYUAN HCHEM,SEHK
02503,1000211552,ZHONGSHENJIANYE,SEHK
02505,1000222155,EDA GROUP HLDGS,SEHK
02506,1000243517,XUNFEIHEALTH,SEHK
02507,1000227110,CIRRUS,SEHK
02508,1000263242,SAINT BELLA,SEHK
02509,1000213407,QYUNS-B,SEHK
25001,1000223013,MB-BOCL@EC2601A,SEHK
00280,491,KING FOOK HOLD,SEHK
02800,4649,TRACKER FUND,SEHK
02801,4650,ISHARES CHINA,SEHK
02803,164516,PP BEDROCK,SEHK
02804,1000003136,PREMIA VIET,SEHK
02806,1000020901,GX CN CONSUME,SEHK
02807,1000051819,GX CN ROBO&AI,SEHK
02809,1000020902,GX CN CLN EN,SEHK
28010,1000277239,CTHUAHO@EC2604A,SEHK
28066,1000277289,CT-SMIC@EC2608A,SEHK
03003,1000128818,CSOP MSCI A 50,SEHK
03004,1000163163,CSOP VIETNAM30,SEHK
03005,1000028357,X CSOPCSI500,SEHK
03006,1000145059,A GX AI TECH,SEHK
03007,26655,TR MSCI CHINA A,SEHK
03008,1000221537,BOS HSK BTC,SEHK
03009,1000221538,BOS HSK ETH,SEHK
00340,624,TONGGUAN GOLD,SEHK
03401,1000245614,GX AI INFRA,SEHK
03402,1000243803,GX G2TECH,SEHK
03403,1000170371,CAM HSI ESG,SEHK
03404,1000233149,CAM MSCIINDIA,SEHK
03405,1000188775,FB ASIA EGY STR,SEHK
03406,1000271122,PA TECHSELECT,SEHK
00330,595,ESPRIT HOLDINGS,SEHK
03300,9177,CHINA GLASS,SEHK
03301,135652,RONSHINECHINA,SEHK
03302,191124,KINERGY,SEHK
03303,12135,JUTAL OIL SER,SEHK
03306,147079,JNBY,SEHK
03309,171498,C-MER MEDICAL,SEHK
00360,8654,NEW FOCUS AUTO,SEHK
03600,134494,MODERN DENTAL,SEHK
03601,1000001763,LUDASHI,SEHK
03603,1000012766,XINJI SHAXI,SEHK
03606,120895,FUYAO GLASS,SEHK
03660,1000176086,QFIN-S,SEHK
00390,19916,CHINA RAILWAY,SEHK
03900,11833,GREENTOWN CHINA,SEHK
03903,102814,HANHUA FIN,SEHK
03908,132638,CICC,SEHK
00410,18165,SOHO CHINA,SEHK
04100,1000231387,EFN 2.77 2608,SEHK
04101,1000241605,EFN 3.19 2611,SEHK
04104,1000249963,EFN 3.34 2702,SEHK
04105,1000261334,EFN 2.16 2705,SEHK
04106,1000270551,EFN 1.85 2708,SEHK
04107,1000283337,EFN 2.40 2711,SEHK
00450,899,HUNG HING PRINT,SEHK
04501,1000141181,MIDEA INV N2702,SEHK
04502,55651,SINOCHEM N4011,SEHK
04504,1000141372,BOCL N2702,SEHK
04505,1000142201,SUN EXP N2703,SEHK
04507,58831,CNOOC F11 N4101,SEHK
04508,1000215657,CISI FIN B2702,SEHK
00370,724,HK ROBOTICS,SEHK
03700,190682,INKEVERSE,SEHK
03708,117416,CH SUPPLY CHAIN,SEHK
03709,108081,EEKA FASHION,SEHK
40000,1000011007,JOY TREA B2909,SEHK
40001,1000208988,CCB N2611C,SEHK
40002,1000281725,CINDA20 N3011,SEHK
40003,1000282276,INV GI N2711,SEHK
40004,1000282277,INV GI N2811,SEHK
40005,1000282662,CR LAND N2811,SEHK
40006,1000282663,FE HORI N2711,SEHK
40007,1000011469,GRNL GLB N2909,SEHK
40008,1000282850,BOCL N2811,SEHK
00380,762,CHINA PIPE,SEHK
03800,19503,GCL TECH,SEHK
03808,19826,SINOTRUK,SEHK
00440,879,DAH SING,SEHK
04406,175934,AZORB IV N2801,SEHK
04407,1000136102,GZ DDH B2701,SEHK
04408,1000136103,LINK FIN N3201,SEHK
00420,831,FOUNTAIN SET,SEHK
00460,54111,SIHUAN PHARM,SEHK
04701,1000211554,AIR AUTH B2608,SEHK
00430,857,ORIENTAL EXPL,SEHK
04304,1000213214,ZJ XC INV B2701,SEHK
04305,1000213506,JIAN CHG N2701,SEHK
04309,1000213507,CICCMTN N2701,SEHK
00520,115713,XIABUXIABU,SEHK
05200,1000150938,TCCL FIN B2704,SEHK
05201,1000232654,HAIXI OSI B2709,SEHK
05203,1000232765,GF FH B2709,SEHK
05204,1000232766,CMBC N2709,SEHK
05206,1000232655,CQILHP N2709,SEHK
05207,1000151553,NANYANG NCSCS B,SEHK
05208,1000232867,WH METRO N2709,SEHK
52023,1000218178,UB#HSI  RC2607E,SEHK
05300,1000240281,YC HT INV B2711,SEHK
05301,1000240282,TS FIN B2611,SEHK
05303,1000241027,NANXUN B2711,SEHK
05307,1000241358,CEBHK N2711,SEHK
05308,148395,CFAMC II N2611,SEHK
05309,1000001765,GRNL GLB N2806,SEHK
53008,1000264393,JP#AIA  RC2710J,SEHK
53010,1000235761,HS#AIA  RP2703B,SEHK
53012,1000235941,HS#PINANRP2604D,SEHK
53013,1000264476,JP#PINANRC2604A,SEHK
00480,1000,HKR INT'L,SEHK
00540,82615,SPEEDY GLOBAL,SEHK
05400,1000246049,CLP PHKF PSGCSC,SEHK
05403,1000245717,YANKUANG B2801,SEHK
05404,1000245718,BOCOM N2801,SEHK
05406,1000245798,LS ETD B2801,SEHK
05407,153472,AZURE NVA N2703,SEHK
54000,1000236134,SG#XIAMIRC2511A,SEHK
54002,1000271573,HS#MTUANRC2611C,SEHK
54008,1000281682,CI#HSI  RP2804S,SEHK
54009,1000281532,CI#HSI  RP2802M,SEHK
05005,1000225417,JZBD B2706,SEHK
05006,167218,VKEREHK N2711,SEHK
05009,1000225533,NANCHANG B2705,SEHK
50006,1000232972,CI#HSI  RC2709A,SEHK
50008,1000216654,JP#WUXI RC2606A,SEHK
00510,21728,CASH FIN SER GP,SEHK
05107,1000227968,TZ URBAN B2707,SEHK
05109,1000149326,CHIYUBANK B3204,SEHK
51002,1000233867,UB#HSI  RC2709I,SEHK
51003,1000233772,UB#HSI  RC2709J,SEHK
51005,1000233819,UB#HSI  RC27088,SEHK
51006,1000233723,UB#HSI  RC2707W,SEHK
51021,1000233726,UB#HKEX RC2610D,SEHK
51030,1000233704,JP#HSI  RC2709V,SEHK
51034,1000233705,JP#HSI  RC2709X,SEHK
00550,16258,ALLEGRO CULTURE,SEHK
05502,123683,SINOPEC N4504,SEHK
05503,1000255652,PETRONAS N5504,SEHK
05504,1000258395,CGWIH VI B2804,SEHK
05507,124281,CNOOCF15A N4505,SEHK
55000,1000276297,BP#ALIBARP2805G,SEHK
55002,1000237140,SG#XIAMIRC2511C,SEHK
55003,1000237064,SG#XIAMIRC2512A,SEHK
55006,1000282397,BI#HSI  RP2804T,SEHK
55007,1000252904,HS#XIAMIRP2711A,SEHK
00560,1199,CHU KONG SHIP,SEHK
05602,135775,SKYFAME B3211,SEHK
05603,1000262118,YONGA INV B2806,SEHK
05604,136195,SP MTN FN N2601,SEHK
05606,1000262119,KFDIG B2806,SEHK
05608,1000262567,SDG FIN GSPCS,SEHK
05609,1000262415,CGXCIG B2806,SEHK
56000,1000282720,MS#HSI  RP28048,SEHK
56002,1000265406,SG#SMIC RC2602B,SEHK
56005,1000272803,HS#HSI  RC2808S,SEHK
00580,53239,SUN.KING TECH,SEHK
05800,1000194949,HCG N2606,SEHK
05801,1000195568,XC INTL B2606,SEHK
05805,1000195978,MENGNIU B2606,SEHK
05806,1000196262,BOCL N2606,SEHK
05807,217087,SHKP(CM)L N2902,SEHK
05809,1000267898,DZKS B2807,SEHK
58000,1000223417,UB#CCB  RC2607B,SEHK
58001,1000273759,UB#ALIBARP2808E,SEHK
58002,1000250162,MS#XIAMIRP2712J,SEHK
00590,1354,LUK FOOK HOLD,SEHK
05902,1000272877,CCB N2809,SEHK
05903,219624,JOY TREA B2903,SEHK
05906,1000272878,CCB N3009,SEHK
05907,1000273313,SXSY CIO N2809,SEHK
59008,1000250605,HS#HSI  RP2712I,SEHK
59009,1000266430,UB#HSI  RC2707C,SEHK
59021,1000239856,UB#SENTMRC2512A,SEHK
59022,1000250494,HS#HSI  RP2712M,SEHK
59031,1000276894,JP#HSI  RP2808C,SEHK
00570,1251,TRAD CHI MED,SEHK
05700,1000264814,CDB N2807B,SEHK
05702,1000186470,BOCOM N2602,SEHK
05704,1000264815,CTFJ B3006,SEHK
05705,1000265051,JSJURONG B2807,SEHK
05707,1000265191,JINAN HT B2807,SEHK
05708,103402,AIA GROUP N4403,SEHK
05709,1000265190,LNTDIG B2806,SEHK
57000,1000265722,HU#HSI  RC2712E,SEHK
57001,1000265810,MS#HSI  RC28027,SEHK
00610,1424,WAI KEE HOLD,SEHK
06100,189694,TONGDAO LIEPIN,SEHK
06108,125850,NEW RAY MEDIC,SEHK
61002,1000279530,BP#POMRTRP2806O,SEHK
61007,1000274694,CI#HSI  RP2802S,SEHK
61009,1000274511,CI#HSI  RP2804T,SEHK
61030,1000267425,UB#ALIBARC2608B,SEHK
61032,1000262725,HS#KUASORC2601F,SEHK
61040,1000279440,SG#POMRTRC2606G,SEHK
61043,1000262771,HS#HSI  RC2712V,SEHK
00620,1442,DTXS SILK ROAD,SEHK
62000,1000251722,JP#HSI  RP2709F,SEHK
62027,1000251920,JP#HSI  RP2709M,SEHK
62032,1000251781,JP#HSI  RP2802B,SEHK
62033,1000283013,JP#XIAMIRC2609D,SEHK
62035,1000251724,JP#HSI  RP2708F,SEHK
62061,1000241919,GJ#HSI  RC27101,SEHK
62063,1000283014,JP#TENCTRC26083,SEHK
62079,1000282886,JP#XIAMIRC2608F,SEHK
00630,1460,AMCO UNITED,SEHK
63004,1000280248,SG#C MOBRC2809E,SEHK
63006,1000280213,SG#LIAUTRC2605D,SEHK
63008,1000256126,CT#ALIBARC2604B,SEHK
63012,1000256189,CT#HSI  RC2606H,SEHK
63013,1000256127,CT#HSI  RC2606I,SEHK
63016,1000256002,CT#HSI  RC2606K,SEHK
63017,1000268356,UB#BYD  RP2805D,SEHK
63020,1000268304,UB#MTUANRP2807C,SEHK
63021,1000280116,UB#CSPC RC2711I,SEHK
06000,222837,IFC DEV N2904,SEHK
06001,1000279757,DEYANG N2810,SEHK
06002,1000279940,SR INVT B2810,SEHK
06003,1000208559,XIANPORT B2610B,SEHK
06004,1000208869,PION REW N2611,SEHK
06005,1000280113,GLP HLD N2904,SEHK
06006,1000280584,MEITUAN N3105,SEHK
06007,1000208985,LUSO BANK B3405,SEHK
06009,1000280585,MEITUAN N3211,SEHK
60002,1000262411,SG#UBTECRC2601A,SEHK
00670,1558,CHINA EAST AIR,SEHK
67000,1000264162,JP#HSI  RC28047,SEHK
67001,1000213831,HS#AIA  RC2512A,SEHK
67003,1000213962,HS#TENCTRC2512A,SEHK
67004,1000269907,SG#SMIC RC2603E,SEHK
67005,1000230585,HS#HSI  RC2611W,SEHK
67006,1000258447,JP#HSI  RC27112,SEHK
67009,1000258516,JP#HSI  RC27116,SEHK
67011,1000230544,HS#HSI  RC2611Y,SEHK
67016,1000230610,HS#HSI  RC26112,SEHK
06805,1000002244,KIMOU ENVIRON,SEHK
06806,221848,SWHY,SEHK
06808,64061,SUNART RETAIL,SEHK
68000,1000275968,JP#KUASORP2804C,SEHK
68002,1000281201,UB#TRIP RC2604E,SEHK
68005,1000283087,UB#HSI  RP2804U,SEHK
68007,1000283314,UB#HSI  RP2802A,SEHK
68009,1000258812,SG#JDCOMRC2605G,SEHK
68012,1000281257,UB#KUASORP2808A,SEHK
68013,1000264357,JP#WUXI RC2609A,SEHK
00640,50656,INFINITY DEV,SEHK
64002,1000283036,DS#HSI  RP2804U,SEHK
64003,1000268744,JP#HSI  RC2808B,SEHK
64009,1000256746,JP#XIAMIRC2601G,SEHK
64013,1000268714,JP#HSI  RC2808D,SEHK
64017,1000256747,JP#MTUANRP2803A,SEHK
64020,1000256616,JP#JDCOMRP2803A,SEHK
64024,1000263658,HS#SMIC RC2603C,SEHK
64025,1000283262,HU#HSI  RP2804O,SEHK
64031,1000263667,UB#BYD  RP2801N,SEHK
00660,1541,WAI CHUN BIOTEC,SEHK
06601,1000083323,CHEERWIN GP,SEHK
06603,1000263996,IFBH,SEHK
06608,1000088161,BAIRONG-W,SEHK
06609,1000106904,HEARTCARE-B,SEHK
66000,1000283257,BP#HSI  RP2805D,SEHK
66002,1000283182,BP#HSI  RP2805G,SEHK
66015,1000258202,CT#ALIBARC2606A,SEHK
66016,1000258059,CT#HSI  RC2707N,SEHK
66020,1000275853,BP#ALIBARP2805E,SEHK
00650,1516,PRODUCTIVE TECH,SEHK
65001,1000257388,SG#HSI  RC2709U,SEHK
65002,1000257240,SG#HSI  RC2709W,SEHK
65003,1000257166,SG#HSI  RC2707D,SEHK
65004,1000257315,SG#C MOBRC2809D,SEHK
65005,1000283105,DS#POMRTRC2608A,SEHK
65007,1000269113,UB#HSI  RC2808F,SEHK
65011,1000275888,SG#JDCOMRP2812J,SEHK
65018,1000257415,CI#HSI  RC2809D,SEHK
65020,1000269139,JP#TENCTRC2607H,SEHK
00690,1602,UNI-BIO GROUP,SEHK
06908,1000014316,HG SEMI,SEHK
06909,1000102036,BETTERLIFE HLDG,SEHK
69002,1000277562,BP#SMIC RP2712L,SEHK
69010,1000232111,SG#TRAHKRC2511B,SEHK
69012,1000277788,CI#HSI  RC28086,SEHK
69016,1000264495,GJ#HSI  RC2712Q,SEHK
69017,1000259411,BI#HSI  RC2712F,SEHK
69020,1000259380,BI#HSI  RC2712J,SEHK
69021,1000259401,BI#HSI  RC2712W,SEHK
00750,30039,SFSY ENERGY,SEHK
07500,225296,FI2 CSOP HSI,SEHK
00710,1667,BOE VARITRONIX,SEHK
00720,1687,AUTO ITALIA,SEHK
07200,152871,FL2 CSOP HSI,SEHK
00730,1711,CAPITAL IND FIN,SEHK
07300,152872,FI CSOP HSI,SEHK
00760,1879,TALENT PPT GP,SEHK
00770,1942,SHANGHAI GROWTH,SEHK
07709,1000276797,XL2CSOPHYNIX,SEHK
00780,205645,TONGCHENGTRAVEL,SEHK
00810,1959,CH CASTSON 81,SEHK
08100,5287,FAMOUS TECH INT,SEHK
08103,5290,HMVOD,SEHK
08106,5291,SHENGHUA LANDE,SEHK
08107,184734,FICUS TECH,SEHK
81024,1000194505,KUAISHOU-WR,SEHK
08005,5209,YUXING INFOTECH,SEHK
08006,5210,SINO SPLENDID,SEHK
08007,5211,GLOBALSTRAT,SEHK
80011,1000194655,HANGSENG BANK-R,SEHK
80016,1000194656,SHK PPT-R,SEHK
80020,1000194657,SENSETIME-WR,SEHK
08200,6760,SAU SAN TONG,SEHK
08201,89297,PPS INT'L,SEHK
08203,6999,KAISUN HOLDINGS,SEHK
08205,5361,JIAODA WITHUB,SEHK
08206,5362,S ROBOT EDU,SEHK
08208,1000002245,WMCH GLOBAL,SEHK
82020,1000194660,ANTA SPORTS-R,SEHK
00830,46159,CSC DEVELOPMENT,SEHK
08300,143912,JIN MI FANG GP,SEHK
08305,189310,ST HLDGS,SEHK
08307,116239,MEDICSKIN,SEHK
08308,138213,GUDOU HLDGS,SEHK
08309,153237,MANSHING GLOBAL,SEHK
83001,1000089876,PP CNUSDPROP-R,SEHK
83005,1000028363,X CSOPCSI500-R,SEHK
83010,146474,ISHARES AXJ-R,SEHK
83012,139212,AMUNDI HK35-R,SEHK
00840,17569,TIANYE WATER,SEHK
08400,166181,ASIA PIONEER,SEHK
08401,180965,STREAM IDEAS,SEHK
08402,158004,PLATEAU TL,SEHK
08403,187485,DOWWAY,SEHK
08406,157836,CHINA ORAL IND,SEHK
08500,1000019536,ICONCULTURE,SEHK
08501,170880,SANBASE CORP,SEHK
08502,189311,OCEAN LINE PORT,SEHK
08507,182257,I.CENTURY HLDG,SEHK
08509,171859,WINE'S LINK,SEHK
85000,1000243805,HF24 I B2712-R,SEHK
85001,1000245388,AIRAUTH N3501-R,SEHK
85002,1000245389,AIRAUTH N5501-R,SEHK
85003,1000245615,ZC LM B2801-R,SEHK
85004,1000246052,HUAIAN N2801-R,SEHK
00910,2156,CHINA SANDI,SEHK
09104,1000239757,A GX EM ASIA-U,SEHK
09107,1000216374,BOS 20 UST A-U,SEHK
00860,2044,APOLLO FMG,SEHK
08601,197550,BOLTEK,SEHK
08603,200894,FAMEGLOW,SEHK
08606,191118,KINETIX SYSTEMS,SEHK
86002,1000093525,BOCL N2604B-R,SEHK
86019,1000120950,SZ GOVT B2610-R,SEHK
86022,1000127405,HKGB GR 2611-R,SEHK
89001,1000195980,PRC B2606-R,SEHK
89002,1000195981,PRC B3306-R,SEHK
89003,1000199939,PRC B2808-R,SEHK
89004,1000218593,PRC B2603-R,SEHK
89005,1000218594,PRC B2703-R,SEHK
89006,1000218595,PRC B2903-R,SEHK
89007,1000218596,PRC B3403-R,SEHK
89008,1000249229,PRC B2702-R,SEHK
89009,1000249230,PRC B2802-R,SEHK
89010,1000249231,PRC B3002-R,SEHK
87001,61711,HUI XIAN REIT,SEHK
00880,21374,SJM HOLDINGS,SEHK
00970,2290,NEW SPARKLEROLL,SEHK
00980,6279,LIANHUA,SEHK
09801,1000110371,ISHARES CHINA-U,SEHK
09803,1000007235,PP BEDROCK-U,SEHK
09804,1000003142,PREMIA VIET-U,SEHK
09806,1000020904,GX CN CONSUME-U,SEHK
09807,1000051822,GX CN ROBO&AI-U,SEHK
09809,1000020905,GX CN CLN EN-U,SEHK
00990,2321,DEEP SOURCE,SEHK
09900,1000019183,ZCLOUD TECH CON,SEHK
09901,1000062749,NEW ORIENTAL-S,SEHK
09906,1000044861,HONLIV HEALTH,SEHK
09908,1000039571,JIAXING GAS,SEHK
09909,1000018101,POWERLONG CM,SEHK
00960,40632,LONGFOR GROUP,SEHK
09600,1000069426,NEWLINK TECH,SEHK
09606,1000254492,DUALITYBIO-B,SEHK
09608,1000071601,SUNDY SERVICE,SEHK
09609,1000282436,HAIWEI ELEC,SEHK
09403,1000170373,CAM HSI ESG-U,SEHK
09404,1000233155,CAM MSCIINDIA-U,SEHK
09406,1000271125,PA TECHSELECT-U,SEHK
01010,2350,SKY BLUE 11,SEHK
01127,63995,LION ROCK GROUP,SEHK
10100,1000283413,UB-N225@EP2606F,SEHK
10101,1000283455,UB-N225@EP2606G,SEHK
10102,1000283499,UB-N225@EP2606H,SEHK
00950,47399,LEE'S PHARM,SEHK
01020,49632,CYBERNAUT INT'L,SEHK
10002,1000273754,UB-N225@EC2603D,SEHK
10003,1000273691,SG-META@RC2604A,SEHK
10004,1000273628,SG-AMZN@RC2604A,SEHK
10005,1000273568,UB-N225@EC2606A,SEHK
10006,1000273757,UB-N225@EC2606B,SEHK
10007,1000273994,JP-S&P @EC2603B,SEHK
10008,1000274126,JP-S&P @EP2603B,SEHK
10009,1000274082,JPNQ100@EP2603B,SEHK
01030,80511,SEAZEN,SEHK
01080,41571,SHENGLI PIPE,SEHK
01070,2427,TCL ELECTRONICS,SEHK
10700,1000262889,SG-AMZN@RP2603A,SEHK
10701,1000263140,JP-N225@EP2512C,SEHK
10703,1000263552,UB-N225@EP2512C,SEHK
10706,1000263859,MS-N225@EP2512C,SEHK
10708,1000264305,JPEURUS@EC2601A,SEHK
10709,1000264359,JPUSYEN@EC2512A,SEHK
01060,2414,DAMAI ENT,SEHK
10603,1000254009,JPYENHK@EP2512A,SEHK
10605,1000254887,BPYENHK@EC2511A,SEHK
10608,1000255077,JPYENHK@EC2511A,SEHK
10609,1000255502,JPNQ100@EP2512A,SEHK
01050,2395,KARRIE INT'L,SEHK
01110,55810,KINGWORLD,SEHK
01120,2522,ARTS OPTICAL,SEHK
01090,55987,DA MING INT'L,SEHK
10900,1000261546,SGTSLA@RC2606A$,SEHK
10901,1000261864,SGTSLA@RP2612A$,SEHK
10902,1000262250,SGNVDA@RC2605A$,SEHK
10903,1000262185,SGNVDA@RP2612A$,SEHK
01130,2541,CHINA ENV RES,SEHK
01170,2615,KINGMAKER,SEHK
01140,2562,WEALTHINK AI,SEHK
01150,62470,MILAN STATION,SEHK
01160,7312,GOLDSTONE CAP,SEHK
01180,2639,PARADISE ENT,SEHK
01220,2717,ZHIDAO INT'L,SEHK
01260,73097,WONDERFUL SKY,SEHK
01250,89020,SDHS NEW ENERGY,SEHK
01240,78845,CNQC INT'L,SEHK
01270,88318,LANGHAM-SS,SEHK
13009,1000278063,SGALIBA@EC2603F,SEHK
01310,120151,HKBN,SEHK
13105,1000184236,CTTENCT@EC2601A,SEHK
13106,1000277931,JP-SMIC@EC2607A,SEHK
13108,1000245209,JP-CCB @EC2605A,SEHK
13109,1000278056,JPSPDRG@EP2605A,SEHK
01290,95415,CHINA HUIRONG,SEHK
13200,1000245630,HS-SMIC@EC2608A,SEHK
13204,1000245711,BPXIAMI@EC2612A,SEHK
13205,1000245694,CI-WPC @EC2512A,SEHK
13208,1000278151,UBALIBA@EC2609A,SEHK
01280,46008,QIDIAN GUOFENG,SEHK
01370,96602,AOWEI HOLDING,SEHK
13705,1000278408,HUYKENR@EC2607A,SEHK
13707,1000247897,CTCLIFE@EP2511A,SEHK
13602,1000278195,HULIAUT@EC2604A,SEHK
13604,1000278243,HUGRPHA@EC2609A,SEHK
13609,1000247531,UBCITSE@EC2602A,SEHK
01330,107708,DYNAGREEN ENV,SEHK
13302,1000246172,CTALIBA@EC2512B,SEHK
13306,1000246231,CI-SMIC@EC2603A,SEHK
13307,1000246212,CI-ZTE @EC2612A,SEHK
01340,101611,HUISHENG INTL,SEHK
13402,1000278139,BPALIBA@EC2609A,SEHK
13407,1000246803,UB-CCB @EC2605A,SEHK
13409,1000246755,JPALIBA@EC2512C,SEHK
01420,141236,CHUAN HOLDING,SEHK
14200,1000249613,UBXIAMI@EP2606A,SEHK
14201,1000249692,UBTENCT@EP2612A,SEHK
14205,1000249608,MB-CTEL@EP2512A,SEHK
14207,1000249529,MB-CUNI@EP2512A,SEHK
14208,1000249444,CTXIAMI@EP2606A,SEHK
01410,1000018762,EDVANCE INTL,SEHK
14102,1000249227,MB-TCL @EC2512A,SEHK
14103,1000278417,CIXIAMI@EC2608B,SEHK
14305,1000249841,CT-CTEL@EC2609A,SEHK
14306,1000249935,HS-SUNY@EC2512A,SEHK
14307,1000249890,HS-AAC @EC2512B,SEHK
13506,1000247022,UBSPDRG@EC2603A,SEHK
13906,1000248665,HU-CICC@EC2512A,SEHK
01440,1000070839,STAR SHINE HLDG,SEHK
14401,1000250282,CI-CLIT@EC2607A,SEHK
14402,1000250348,CISMORE@EC2512A,SEHK
14404,1000278444,BP-GCL @EC2603A,SEHK
01380,60232,CHI KINGSTONE,SEHK
13802,1000248190,GJMTUAN@EC2512A,SEHK
13807,1000278306,HUAMCS3@EC2609A,SEHK
13808,1000248204,HU-SMIC@EC2512A,SEHK
13809,1000278411,HUCITSE@EC2602B,SEHK
01460,146517,ICO GROUP,SEHK
14609,1000251092,JP-CLIT@EC2607A,SEHK
01450,108213,BE FRIENDS HLDG,SEHK
14509,1000250719,MB-CGS @EC2512A,SEHK
01470,123590,PROSPER ONE,SEHK
14700,1000278422,CT-HSBC@EC2609A,SEHK
14707,1000251680,MSTENCT@EP2612A,SEHK
15007,1000253007,CTMTUAN@EC2511A,SEHK
15102,1000278773,DSHUAHO@EC2604A,SEHK
15108,1000253667,CTZIJIN@EP2603A,SEHK
01490,1000069425,AI X TECH,SEHK
14905,1000252718,CIFEIHE@EC2512A,SEHK
14906,1000252635,CIZIJIN@EC2601A,SEHK
01540,200188,LEFTFIELD PRINT,SEHK
15403,1000254846,JPXIAMI@EC2605A,SEHK
15409,1000278627,BIMTUAN@EP2612A,SEHK
01530,125086,3SBIO,SEHK
15301,1000254507,DS-MNSO@EC2601A,SEHK
15304,1000278552,BIXIAMI@EC2606B,SEHK
15306,1000278693,BIXIAMI@EP2607A,SEHK
01480,115347,YAN TAT GROUP,SEHK
14802,1000278428,HSGANFE@EC2605A,SEHK
14806,1000278776,HSXIAMI@EC2612A,SEHK
14808,1000252178,HS-CMOB@EC2512B,SEHK
01570,138694,WEIYE HOLDINGS,SEHK
01580,148893,DA SEN HLDGS,SEHK
15804,1000256483,UBALIBA@EC2512D,SEHK
15505,1000255299,UBTENCT@EC2608A,SEHK
15509,1000255221,SGXIAMI@EC2605A,SEHK
01560,142609,STAR GROUP ASIA,SEHK
15606,1000255576,CTTENCT@EC2606A,SEHK
15608,1000255556,CT-HSBK@EC2512A,SEHK
15609,1000255617,CT-SMIC@EC2512A,SEHK
01620,189309,CINESE INTL,SEHK
16203,1000258097,MBZHJIN@EC2512B,SEHK
16205,1000278753,HSPOMRT@EP2604A,SEHK
16206,1000258193,MB-WPC @EC2606A,SEHK
16207,1000258232,CI-GCL @EC2602A,SEHK
16209,1000258135,CIYKENR@EC2605A,SEHK
01630,156445,KIN SHING HLDGS,SEHK
16300,1000258733,MB-JDHI@EC2609A,SEHK
16301,1000258627,HUAKESO@EC2602A,SEHK
16303,1000278614,HSPOMRT@EC2604A,SEHK
16305,1000258727,CTZIJIN@EC2512A,SEHK
16308,1000258675,DSSPDRG@EC2602A,SEHK
15901,1000257064,UB-SUNY@EC2604A,SEHK
15902,1000256887,MBANTAS@EC2603A,SEHK
15903,1000257006,MBGANFE@EC2512A,SEHK
15904,1000256947,MB-OOIL@EC2605A,SEHK
15905,1000257063,MBCMOLY@EC2605A,SEHK
15906,1000256888,MB-NCI @EC2601A,SEHK
01640,1000013861,QIAN XUN TECH,SEHK
16401,1000259097,HSSPDRG@EC2602A,SEHK
16403,1000259085,CT-BYD @EC2602A,SEHK
16404,1000259096,SGZIJIN@EC2512A,SEHK
01520,125040,VIRTUAL MIND,SEHK
15209,1000254156,BI-BYD @EC2512A,SEHK
01610,146950,COFCO JOYCOME,SEHK
16103,1000257737,HUSPDRG@EC2603A,SEHK
16105,1000257689,HUZIJIN@EC2601A,SEHK
01660,151189,SEVEN ELEMENTS,SEHK
16600,1000260214,JPHDLIH@EC2511A,SEHK
16601,1000260276,JP-AIA @EP2607A,SEHK
16602,1000260086,JP-AAC @EP2612A,SEHK
16603,1000260159,JPTCTRA@EC2512A,SEHK
16604,1000260224,JPTENCT@EP2511A,SEHK
16607,1000260088,CT-HKEX@EP2512A,SEHK
16609,1000192430,JPTENCT@EC2512A,SEHK
01650,1000019986,HYGIEIA GROUP,SEHK
16501,1000259678,BP-ICBC@EC2512A,SEHK
16502,1000259660,JPCSHEN@EC2601A,SEHK
16701,1000260668,BIKINGD@EC2601A,SEHK
16703,1000260759,BI-ICBC@EC2512B,SEHK
16709,1000260760,CI-BYD @EP2612A,SEHK
01680,89728,MACAU LEGEND,SEHK
16802,1000192828,BPTENCT@EC2601A,SEHK
16804,1000260956,UB-BOCL@EC2601A,SEHK
16805,1000261019,CTTENCT@EC2512C,SEHK
01720,166175,PUTIAN COMM,SEHK
17200,1000262225,CI-BYD @EC2511A,SEHK
17201,1000262162,MBFOPHA@EC2602A,SEHK
17202,1000262131,MSHSTEC@EP2511A,SEHK
17204,1000262246,MS-HSI @EP2511A,SEHK
17205,1000262164,MSHSTEC@EC2511A,SEHK
17206,1000262149,MSPINAN@EC2601A,SEHK
17207,1000262213,MS-AIA @EC2607A,SEHK
17208,1000278843,UB-SBPH@EC2610A,SEHK
17209,1000262233,BIALIBA@EC2602A,SEHK
01710,167445,TRIO IND ELEC,SEHK
17101,1000261965,MB-CUNI@EC2602A,SEHK
17102,1000261886,MBSUNTI@EC2609A,SEHK
17104,1000261941,MBHDLIH@EC2512A,SEHK
17105,1000261966,MB-AAC @EC2606A,SEHK
17106,1000261887,MBTCTRA@EC2512A,SEHK
17108,1000261937,HU-GWMC@EC2605A,SEHK
17109,1000261959,BIPOMRT@EP2706A,SEHK
01780,222081,RONGZUN INT'L H,SEHK
17800,1000264116,SGSANDS@EC2604A,SEHK
17801,1000264035,SG-TRIP@EC2610A,SEHK
17802,1000264147,SG-CNBM@EC2609A,SEHK
17803,1000264252,HS-SUNY@EC2604A,SEHK
17804,1000264203,HS-SMIC@EC2606A,SEHK
17807,1000264255,MS-CCB @EP2610A,SEHK
17808,1000264206,MSCLIFE@EP2602A,SEHK
17809,1000264230,MSPOMRT@EC2610A,SEHK
01750,185015,REM GROUP HLDGS,SEHK
17500,1000263169,HSPOMRT@EP2706A,SEHK
17501,1000263198,BP-CCB @EC2602A,SEHK
17502,1000194672,SGTENCT@EC2512B,SEHK
17503,1000263134,BP-PAHT@EC2603A,SEHK
17504,1000263228,BPMIXUE@EC2512A,SEHK
17506,1000263165,BPPETCH@EC2601A,SEHK
17507,1000263197,BPKUASO@EC2607A,SEHK
17508,1000263133,BP-TRIP@EC2610A,SEHK
17509,1000263230,DSMIXUE@EC2512A,SEHK
17008,1000261681,CILIAUT@EC2602A,SEHK
01690,177057,LAP KEI ENGRG,SEHK
16901,1000261254,SG-BYD @EP2612A,SEHK
16903,1000261324,SGPOMRT@EC2511B,SEHK
16904,1000261283,HS-CATL@EC2612A,SEHK
16905,1000261249,HS-CATL@EC2511E,SEHK
16906,1000261218,JP-BYD @EP2606A,SEHK
16908,1000261288,JPCLIFE@EC2607A,SEHK
01740,1000018968,VALUES CULTURAL,SEHK
17401,1000262910,BPPINAN@EC2601A,SEHK
17404,1000262939,UB-CTWR@EC2512A,SEHK
17407,1000262893,UB-CMOB@EC2604A,SEHK
17408,1000194413,JPTENCT@EC2512B,SEHK
17409,1000262938,SGPOMRT@EC2511C,SEHK
17300,1000262542,HUSENTM@EC2601A,SEHK
17301,1000262431,HU-NWD @EC2606A,SEHK
17302,1000262468,HUCSOFT@EC2512B,SEHK
17303,1000262500,CI-XYS @EC2512A,SEHK
17304,1000262538,CT-HSI @EP2511A,SEHK
17306,1000262463,CT-LINK@EC2512A,SEHK
17307,1000262505,UB-MNIU@EC2512A,SEHK
17308,1000262536,BP-BYD @EC2605A,SEHK
17309,1000262424,BP-BYD @EC2512C,SEHK
18003,1000264927,BPXIAMI@EC2601C,SEHK
18005,1000264869,HSXIAMI@EC2512B,SEHK
18006,1000264841,JP-PICC@EC2602A,SEHK
18007,1000264933,JPBAIDU@EC2603A,SEHK
18009,1000264971,JPMTUAN@EC2603A,SEHK
01760,191129,INTRON TECH,SEHK
17600,1000263575,HUMIXUE@EC2512C,SEHK
17601,1000263611,HUPETCH@EC2512A,SEHK
17602,1000263543,HUZIJIN@EC2512A,SEHK
17604,1000263580,MB-SBPH@EC2512A,SEHK
17606,1000263542,HU-CTFJ@EC2606A,SEHK
17607,1000263503,GJCNOOC@EC2602A,SEHK
17608,1000263570,GJPETCH@EC2512A,SEHK
17609,1000263606,CT-TRIP@EC2610A,SEHK
01790,202346,TIL ENVIRO,SEHK
17900,1000264628,CTMTUAN@EP2512A,SEHK
17902,1000264550,CI-GTHT@EC2602A,SEHK
17904,1000264627,BIXIAMI@EP2512B,SEHK
17905,1000264668,BI-CICC@EC2512A,SEHK
17906,1000264548,BI-CCB @EC2602A,SEHK
17907,1000264588,BIXIAMI@EP2602A,SEHK
17909,1000264672,HU-NWD @EC2601A,SEHK
01810,190371,XIAOMI-W,SEHK
18102,1000265247,HSALIBA@EC2602A,SEHK
18103,1000265318,HSMTUAN@EC2512B,SEHK
18104,1000265284,HS-BOCL@EC2512B,SEHK
18105,1000265222,UBALIBA@EC2602A,SEHK
18106,1000265257,UBSANDS@EP2606A,SEHK
18107,1000265327,UB-BYD @EC2512C,SEHK
18108,1000265292,UBKINGD@EC2601A,SEHK
18109,1000265218,MSPINAN@EC2601B,SEHK
17700,1000263808,SGPOMRT@EC2611A,SEHK
17701,1000263827,BIPOMRT@EC2610A,SEHK
17703,1000263854,BI-CATL@EP2512B,SEHK
17704,1000263776,BIALIBA@EP2604A,SEHK
17706,1000263833,UBXIAMI@EP2512A,SEHK
17707,1000263861,UBCLIFE@EP2602A,SEHK
17708,1000263783,UB-BYD @EC2512B,SEHK
01820,209024,PM PACKAGING,SEHK
18200,1000265534,BIMTUAN@EC2512E,SEHK
18201,1000265511,HUKSOFT@EC2609A,SEHK
18202,1000265486,MBALIHI@EC2606A,SEHK
18204,1000265570,HU-LUYE@EC2608A,SEHK
18205,1000265535,BPAKESO@EC2606A,SEHK
18206,1000265508,HS-GEG @EC2601A,SEHK
18207,1000278925,HU-JDL @EC2611A,SEHK
18208,1000265479,JPMTUAN@EC2512C,SEHK
18209,1000265573,JPCMOLY@EC2602B,SEHK
18400,1000266343,MBAKESO@EC2601A,SEHK
18401,1000266254,GJALIBA@EP2512A,SEHK
18402,1000266219,MSGEELY@EP2606A,SEHK
18403,1000266303,MS-ICBC@EP2601A,SEHK
18404,1000266344,MS-CCB @EC2609A,SEHK
18405,1000266250,BI-SUNY@EC2512B,SEHK
18406,1000266208,BITENCT@EC2603A,SEHK
18407,1000266302,MBKUASO@EP2602A,SEHK
18408,1000266335,DSMTUAN@EP2603A,SEHK
01830,69865,PERFECT MEDICAL,SEHK
18300,1000265918,UBXPENG@EC2606A,SEHK
18301,1000265838,UB-CATL@EC2601A,SEHK
18302,1000265892,DSTRAHK@EC2603A,SEHK
18303,1000265864,GJ-BYD @EC2511B,SEHK
18304,1000265917,GJPINAN@EP2512A,SEHK
18305,1000265837,CT-AIA @EC2611A,SEHK
18306,1000265891,BI-GEG @EC2601A,SEHK
18308,1000265866,BIBYDEI@EC2601A,SEHK
18309,1000265919,BI-CATL@EP2601A,SEHK
01870,1000013224,ACME INTL HLDGS,SEHK
18700,1000267384,BICMOLY@EC2601A,SEHK
18701,1000267541,BITENCT@EP2601A,SEHK
18702,1000267491,GJKUASO@EC2512A,SEHK
18704,1000267440,GJGEELY@EC2601B,SEHK
18705,1000267387,GJ-SMIC@EC2603A,SEHK
18706,1000267549,JPALIBA@EP2512B,SEHK
18707,1000267494,HU-SZIG@EC2606A,SEHK
18708,1000267443,HUFOPHA@EC2603A,SEHK
18709,1000267391,HU-CGS @EC2512C,SEHK
01850,214942,HSC RESOURCES,SEHK
18500,1000266579,HU-J&T @EC2604A,SEHK
18501,1000266549,HU-GBHC@EC2601A,SEHK
18502,1000266520,BI-HKEX@EC2512C,SEHK
18503,1000266610,BIPINAN@EC2601C,SEHK
18504,1000266582,MB3SBIO@EC2606A,SEHK
18505,1000266550,BPPINAN@EC2601C,SEHK
18506,1000266521,BP-CSPC@EC2602A,SEHK
18507,1000266611,BPSANDS@EC2607A,SEHK
18508,1000266583,MBLIAUT@EP2601A,SEHK
01920,1000004713,CHINA WACAN,SEHK
19201,1000269088,HSXIAMI@EC2608A,SEHK
19202,1000269157,UB-HKEX@EC2603A,SEHK
19203,1000269198,UB-SHKP@EC2606A,SEHK
19204,1000269125,UBLENOV@EP2603A,SEHK
19205,1000269087,GJ-BYD @EP2512A,SEHK
19206,1000269160,GJ-HSBC@EC2601A,SEHK
19207,1000269199,CI-MGMC@EC2604A,SEHK
19208,1000269127,CI-SMIC@EC2602A,SEHK
19209,1000269097,MSSANDS@EC2607A,SEHK
19002,1000268286,CT-CCB @EC2612A,SEHK
19003,1000268387,CT-BYD @EC2511A,SEHK
19004,1000268235,CT-BYD @EC2611A,SEHK
19005,1000268337,CTPINAN@EC2602A,SEHK
19006,1000268287,CTXIAMI@EC2511A,SEHK
19007,1000268388,CTPINAN@EP2601A,SEHK
19008,1000268234,CT-HSBK@EC2610A,SEHK
01880,1000163062,CTG DUTY-FREE,SEHK
18800,1000267870,MBPINAN@EP2601A,SEHK
18801,1000267848,MB-NCI @EP2601A,SEHK
18802,1000267768,MB-AIA @EP2602A,SEHK
18804,1000267816,MB-CATL@EC2602A,SEHK
18805,1000267887,UBPINAN@EP2601A,SEHK
18806,1000267851,UBHSTEC@EP2601A,SEHK
18807,1000267783,UBCLIFE@EP2605A,SEHK
18808,1000267818,UB-HKEX@EP2601A,SEHK
18809,1000267886,UBTENCT@EP2601B,SEHK
01860,205991,MOBVISTA,SEHK
18600,1000266998,UBCSA50@EC2610A,SEHK
18601,1000267072,UBXPENG@EP2601A,SEHK
18602,1000267033,JPBOCHK@EC2512A,SEHK
18604,1000266959,JPUBTEC@EC2601A,SEHK
18605,1000266997,JP-BYD @EP2601A,SEHK
18607,1000267034,JPLIAUT@EP2606A,SEHK
01910,63247,SAMSONITE,SEHK
19100,1000268783,CTBOCHK@EC2603A,SEHK
19101,1000268943,MBKINGD@EC2604A,SEHK
19102,1000268868,MBAKESO@EC2602A,SEHK
19103,1000268905,MBCRPOW@EC2602A,SEHK
19104,1000268824,BI-HSBC@EC2607A,SEHK
19105,1000268934,BI-HSBC@EC2601B,SEHK
19106,1000268860,BI-CRBH@EC2601A,SEHK
19107,1000268897,BILENOV@EC2603B,SEHK
19108,1000268830,GJXIAMI@EC2511A,SEHK
01950,1000026947,DIWANG IND H,SEHK
19500,1000270028,HUAKESO@EC2601B,SEHK
19501,1000269950,HU-JDHI@EC2604A,SEHK
19503,1000270071,MB-HTSC@EC2602A,SEHK
19504,1000269994,MBESBUY@EC2602A,SEHK
19505,1000270214,HS-HSI @EC2601B,SEHK
19506,1000270100,UBLENOV@EP2601A,SEHK
19507,1000270134,DSPOMRT@EP2512A,SEHK
19508,1000270174,DS-BYD @EP2512A,SEHK
19509,1000270212,DSLAOPU@EC2602B,SEHK
01890,212167,CHINA KEPEI,SEHK
18900,1000268077,UBPICCG@EC2601A,SEHK
18901,1000268187,UB-HSBC@EC2602A,SEHK
18902,1000268149,UBTENCT@EC2601C,SEHK
18903,1000268109,MB-SBPH@EC2608A,SEHK
18904,1000268075,MB-CLIT@EC2604A,SEHK
18905,1000268185,MB-NCI @EC2606A,SEHK
18906,1000268137,CT-BYD @EC2601A,SEHK
18907,1000268099,CT-HSI @EP2601A,SEHK
18908,1000268064,CT-HSI @EC2601A,SEHK
01980,108302,TIANGE,SEHK
19800,1000270863,BP-SMIC@EP2609A,SEHK
19801,1000271079,BP-TRIP@EC2603A,SEHK
19803,1000270936,CICMOLY@EC2608A,SEHK
19804,1000271009,CILININ@EC2605A,SEHK
19805,1000270865,CI-NIO @EC2605B,SEHK
19806,1000271080,CI-WXAT@EC2606B,SEHK
19807,1000271145,HSMTUAN@EC2602A,SEHK
19808,1000271183,HUMEITU@EC2604A,SEHK
19809,1000271223,HUSENTM@EC2603A,SEHK
01970,132089,IMAX CHINA,SEHK
19700,1000270648,MBBAIDU@EC2609A,SEHK
19701,1000270614,SGHUAHO@EC2606A,SEHK
19702,1000270578,SGMTUAN@EC2605A,SEHK
19703,1000270685,SG-BOCL@EC2602A,SEHK
19704,1000270650,SG-WXAT@EC2606A,SEHK
19705,1000270615,SGPOMRT@EC2512C,SEHK
19706,1000270579,SGPOMRT@EP2602A,SEHK
19707,1000270681,HU-KBLH@EC2603A,SEHK
19708,1000270645,HU-PAHT@EC2602B,SEHK
01960,1000010202,TBKS HLDGS,SEHK
19600,1000270336,CT-NIO @EP2605A,SEHK
19601,1000270270,CTLENOV@EC2602A,SEHK
19602,1000270304,CTCLIFE@EP2602B,SEHK
19603,1000270369,CTZHJIN@EC2602A,SEHK
19604,1000270532,MS-CKA @EC2603A,SEHK
19605,1000270441,CTPOMRT@EP2512A,SEHK
19606,1000270398,HS-CKA @EC2603A,SEHK
19607,1000270488,MSPOMRT@EP2601A,SEHK
19608,1000270526,GJPOMRT@EP2601B,SEHK
01930,1000000343,SHINELONG,SEHK
19300,1000269471,MBXTAPI@EC2603A,SEHK
19301,1000269370,MBCCOAL@EC2603B,SEHK
19302,1000269436,MBFOSUN@EC2607A,SEHK
19303,1000269403,HULAOPU@EC2602A,SEHK
19304,1000269470,HU-MGP @EC2602A,SEHK
19305,1000269369,HUBLKSM@EC2602A,SEHK
19306,1000269435,HU-XD  @EC2602A,SEHK
19307,1000269401,GJXIAMI@EC2608A,SEHK
19308,1000269468,CIKUASO@EC2604A,SEHK
01940,1000062362,CGII HLDGS,SEHK
19400,1000269777,BI-HSI @EC2601A,SEHK
19402,1000269869,BI-HSI @EP2601A,SEHK
19403,1000269920,HUJIANC@EC2606A,SEHK
19404,1000269823,DSSPDRG@EC2701A,SEHK
19405,1000269778,CI-PAHT@EC2602A,SEHK
19406,1000269870,CI-ZTO @EC2601A,SEHK
19407,1000269914,CIJIANC@EC2605A,SEHK
19408,1000269835,UBCLIFE@EP2602B,SEHK
20003,1000272005,GJ-HKEX@EP2602A,SEHK
20004,1000271884,BI-HKEX@EC2603A,SEHK
20005,1000271827,BI-CLIT@EC2610A,SEHK
20006,1000271940,BI-BYD @EC2603A,SEHK
20007,1000271998,BI-BYD @EC2609A,SEHK
20008,1000271885,BIUBTEC@EC2601A,SEHK
20100,1000272032,CTMTUAN@EC2603C,SEHK
20101,1000272162,CTMIXUE@EC2603A,SEHK
20102,1000272119,CTMTUAN@EC2604A,SEHK
20104,1000272075,CT-BYD @EC2607B,SEHK
20106,1000272037,SGMTUAN@EC2603C,SEHK
20108,1000272159,BI-HSI @EC2612B,SEHK
20109,1000272116,BPALIBA@EC2605A,SEHK
02030,95261,CABBEEN,SEHK
20300,1000272582,SG-CUNI@EC2603A,SEHK
20302,1000272622,SG-SMIC@EC2604A,SEHK
20303,1000272661,SG-SMIC@EC2606B,SEHK
20304,1000272699,SGTENCT@EC2602A,SEHK
20305,1000272581,SG-HSBC@EP2607A,SEHK
20306,1000272621,SGTENCT@EP2602A,SEHK
20307,1000272655,BP-CCB @EC2604A,SEHK
20308,1000272694,BPZIJIN@EC2604A,SEHK
20309,1000272580,MB-CGS @EC2603A,SEHK
19900,1000271443,SG-HSI @EC2602B,SEHK
19901,1000271403,SGMTUAN@EC2601A,SEHK
19902,1000271572,DSMTUAN@EC2605A,SEHK
19903,1000271474,JPMTUAN@EC2605A,SEHK
19904,1000271525,JPMTUAN@EC2602B,SEHK
19905,1000271623,HSMTUAN@EC2605A,SEHK
19906,1000271571,CTMTUAN@EC2605A,SEHK
19907,1000271459,BPMTUAN@EC2602B,SEHK
19908,1000271518,GJMTUAN@EC2602B,SEHK
19909,1000271629,HUMTUAN@EC2606A,SEHK
02020,16111,ANTA SPORTS,SEHK
20200,1000272360,MSALIBA@EP2603B,SEHK
20201,1000272405,HUMTUAN@EC2602A,SEHK
20202,1000272501,MSALIBA@EP2602B,SEHK
20203,1000272451,HUUBTEC@EC2603A,SEHK
20205,1000272359,MSMTUAN@EC2603D,SEHK
20206,1000272406,HUPOMRT@EC2602A,SEHK
20207,1000272500,MSSENTM@EC2602A,SEHK
20209,1000272452,HU-JXR @EC2605A,SEHK
40142,1000024341,20201WST N5108,SEHK
02080,97032,AUX INTL,SEHK
20800,1000274395,SGTENCT@EP2603C,SEHK
20801,1000274403,SGALIBA@EP2604A,SEHK
20802,1000274409,SGBAIDU@EP2607A,SEHK
20803,1000274492,SGSENTM@EC2612A,SEHK
20804,1000274396,SGSENTM@EC2603A,SEHK
20805,1000274495,JPBAIDU@EP2603A,SEHK
20806,1000274574,CILIAUT@EC2605A,SEHK
20807,1000274616,GJJDCOM@EC2603A,SEHK
20808,1000274677,GJALIBA@EC2604B,SEHK
02050,1000263114,SANHUA,SEHK
20501,1000273397,CI-XYS @EC2612A,SEHK
20502,1000273491,CI-CLPG@EC2609A,SEHK
20503,1000273442,CI-KBLH@EC2605A,SEHK
20504,1000273349,CT-GBHC@EC2601A,SEHK
20506,1000273398,CT-BEKE@EC2604A,SEHK
20507,1000273492,CT-CTEL@EC2601A,SEHK
20508,1000273444,CTBAIDU@EC2604A,SEHK
20509,1000273351,CT-CSPC@EC2603A,SEHK
20400,1000272899,CI-BYD @EP2603A,SEHK
20401,1000273007,CIASMPT@EC2606A,SEHK
20404,1000272963,SGAKESO@EC2603A,SEHK
20405,1000273073,SGBAIDU@EC2606A,SEHK
20406,1000272908,JPMTUAN@EC2603D,SEHK
20407,1000273015,JPBAIDU@EC2606A,SEHK
20408,1000272954,CICSCIH@EC2603A,SEHK
20409,1000273069,JP-SUNY@EP2604A,SEHK
02110,1000066370,TIAN CHENG HLDG,SEHK
21100,1000275414,BILENOV@EC2604A,SEHK
21101,1000275464,BI-CATL@EC2603A,SEHK
21102,1000275561,BIALIBA@EC2603G,SEHK
21103,1000275518,GJTENCT@EC2604A,SEHK
21104,1000275419,GJTENCT@EP2603B,SEHK
21105,1000275470,GJ-SMIC@EC2604C,SEHK
21106,1000275575,MB-SDHG@EC2603B,SEHK
21107,1000275520,HUPINAN@EC2603A,SEHK
21108,1000275422,HUSMORE@EC2603A,SEHK
20700,1000274099,CTLININ@EC2605A,SEHK
20701,1000274054,CI-MRES@EC2709A,SEHK
20705,1000274012,CIYKENR@EC2608A,SEHK
20706,1000274142,CISANDS@EC2603A,SEHK
20707,1000274098,CIPINAN@EC2603A,SEHK
20708,1000274055,CIBAIDU@EC2604A,SEHK
20709,1000274011,CI-ACMT@EC2604A,SEHK
02130,1000059111,CN LOGISTICS,SEHK
21300,1000275910,JPBAIDU@EC2603D,SEHK
21301,1000275862,JPALIBA@EC2603G,SEHK
21302,1000275813,JPALIBA@EC2603H,SEHK
21303,1000275956,JP-ACMT@EC2604A,SEHK
21304,1000275911,JP-AIA @EC2602A,SEHK
21305,1000275863,JPALIBA@EC2603I,SEHK
21306,1000275814,JP-CMOB@EC2603A,SEHK
21307,1000275957,JPLIAUT@EC2604A,SEHK
21308,1000276019,BP-MGMC@EC2604A,SEHK
02120,133582,KN HOSPITAL,SEHK
21200,1000275617,MS-HSI @EP2603B,SEHK
21201,1000275698,MSCSA50@EC2610A,SEHK
21202,1000275740,MS-JDHI@EC2604A,SEHK
21203,1000275658,MSBYDEI@EC2602A,SEHK
21204,1000275632,MSTCTRA@EC2604A,SEHK
21206,1000275714,MSBAIDU@EC2603D,SEHK
21207,1000275755,MS-GDS @EC2604A,SEHK
21208,1000275679,UBXIAMI@EC2602D,SEHK
21209,1000275623,CITENCT@EC2603B,SEHK
02150,1000100020,NAYUKI,SEHK
21500,1000276588,DSTENCT@EP2603B,SEHK
21501,1000276750,DS-BYD @EC2603B,SEHK
21502,1000276643,DSPOMRT@EC2706A,SEHK
21504,1000276695,BI-CKA @EC2603A,SEHK
21505,1000276587,BIALIBA@EC2603I,SEHK
21506,1000276749,BIPOMRT@EC2603D,SEHK
21508,1000276641,BICSHCL@EC2607A,SEHK
21509,1000276694,BIUBTEC@EC2606A,SEHK
20600,1000273837,MSJDCOM@EC2603A,SEHK
20601,1000273948,MSTENCT@EC2707A,SEHK
20602,1000273894,MSALIBA@EC2604A,SEHK
20604,1000273785,MSCP&CC@EC2609A,SEHK
20605,1000273838,MSTENCT@EC2602B,SEHK
20606,1000273947,MSPETCH@EC2609A,SEHK
20607,1000273893,MSLENOV@EC2602A,SEHK
20609,1000273784,MS-GCL @EC2603A,SEHK
20900,1000274590,CTALIBA@EC2603D,SEHK
20902,1000274637,CTCCOAL@EC2603A,SEHK
20903,1000274829,GJALIBA@EC2603D,SEHK
20904,1000274754,HU-TRIP@EP2603A,SEHK
20907,1000274792,HUWEIMO@EC2605A,SEHK
20908,1000274869,HUPICCG@EC2601A,SEHK
20909,1000274830,HUHDLIH@EC2604B,SEHK
21003,1000275138,CI-CUNI@EC2604A,SEHK
21004,1000275061,CIPOMRT@EC2512C,SEHK
21005,1000275100,CI-CSPC@EC2606B,SEHK
21006,1000275177,CIMEITU@EC2602B,SEHK
21008,1000275140,GJALIBA@EC2611A,SEHK
21009,1000275063,GJMTUAN@EP2603C,SEHK
21400,1000276396,UBALIBA@EC2604B,SEHK
21401,1000276318,UBKUASO@EC2604B,SEHK
21402,1000276541,UB-SMIC@EC2604A,SEHK
21403,1000276240,UB-CATL@EC2604A,SEHK
21404,1000276395,UB-SMIC@EP2605A,SEHK
21405,1000276317,UBHSCEI@EP2603A,SEHK
21406,1000276539,UBHSCEI@EC2603A,SEHK
21407,1000276238,UB-GWMC@EC2604A,SEHK
21408,1000276394,UBPINAN@EC2601C,SEHK
21409,1000276315,UB-HSBC@EC2603A,SEHK
02190,1000100819,ZYLOXTB,SEHK
21900,1000279884,JPALIBA@EP2606B,SEHK
21901,1000279837,GJPOMRT@EC2602A,SEHK
21902,1000279926,GJALIBA@EC2603J,SEHK
21903,1000279789,BIALUCO@EC2609B,SEHK
21904,1000279878,BI-COVS@EC2605A,SEHK
21906,1000279833,BILAOPU@EC2602C,SEHK
21907,1000279922,BILAOPU@EC2604A,SEHK
21909,1000279796,SGXIAMI@EC2612B,SEHK
02160,1000077860,CARDIOFLOW-B,SEHK
21600,1000276929,MBASMPT@EC2604A,SEHK
21601,1000276885,CT-GEG @EC2603A,SEHK
21602,1000276830,CT-CNBM@EC2609C,SEHK
21603,1000276854,CT-CSPC@EC2606C,SEHK
21605,1000276921,CTALIBA@EC2603G,SEHK
21606,1000276897,CTALIHI@EC2605B,SEHK
21607,1000276829,CIHDLIH@EC2606A,SEHK
21608,1000276864,JPALIBA@EC2603L,SEHK
21609,1000276931,JPMTUAN@EC2602C,SEHK
02180,1000000874,MANPOWER GRC,SEHK
21801,1000277007,HUJDCOM@EC2607A,SEHK
21802,1000279568,JPSPDRG@EC2604A,SEHK
21804,1000279472,JPPOMRT@EC2604A,SEHK
21805,1000279425,JP-BYD @EC2603A,SEHK
21806,1000279511,CT-CSPC@EC2602B,SEHK
21807,1000279559,CTAKESO@EC2601B,SEHK
02170,1000075790,BASECARE-B,SEHK
21700,1000279021,HS-GDS @EC2605A,SEHK
21701,1000279076,HS-SUNY@EC2605B,SEHK
21702,1000279183,HSCLIFE@EC2604A,SEHK
21703,1000279130,HSSPDRG@EC2604B,SEHK
21704,1000279018,HSLENOV@EC2606B,SEHK
21705,1000279077,HU-GTWN@EC2610A,SEHK
21706,1000279186,HUZIJIN@EC2604A,SEHK
21707,1000279133,HUTCTRA@EC2605A,SEHK
21708,1000279022,HU-MTRC@EC2612A,SEHK
22004,1000280242,HU-WYNN@EC2612A,SEHK
22005,1000280139,HUCKINF@EC2610A,SEHK
22006,1000280208,HU-ZLAB@EC2605A,SEHK
22007,1000280167,CTALIBA@EC2608A,SEHK
22008,1000280236,CT-CATL@EP2605A,SEHK
22009,1000280132,CI-ZTE @EC2611A,SEHK
02270,1000127398,DESUN SERVICES,SEHK
22700,1000282729,CTKUASO@EC2606B,SEHK
22703,1000282690,GJXIAMI@EC2605B,SEHK
22704,1000282826,GJ-BYD @EC2606A,SEHK
22706,1000282780,GJLIAUT@EC2607A,SEHK
22707,1000282732,GJPOMRT@EC2604B,SEHK
22709,1000282682,BIXIAMI@EC2606C,SEHK
02210,1000121200,BEIJING JIAYE,SEHK
22100,1000280576,BPXIAMI@EP2604A,SEHK
22101,1000280536,BP-BYD @EP2603A,SEHK
22102,1000280459,BP-BYD @EC2604B,SEHK
22103,1000280498,BP-HKEX@EC2604B,SEHK
22104,1000280575,BPLAOPU@EC2604B,SEHK
22105,1000280540,HSLAOPU@EC2605A,SEHK
22106,1000280461,HS-BYD @EC2603C,SEHK
22107,1000280503,HS-HKEX@EC2604B,SEHK
22108,1000280580,JPLAOPU@EC2605A,SEHK
22400,1000281560,HUYKENR@EC2612A,SEHK
22401,1000281609,HUCTGDF@EC2610A,SEHK
22402,1000281658,HUSTANC@EC2611A,SEHK
22403,1000281710,HU-WUXI@EC2611A,SEHK
22404,1000281561,HUBYDEI@EC2605A,SEHK
22405,1000281610,HUCSOFT@EC2612A,SEHK
22406,1000281659,HU-AIA @EC2604A,SEHK
22407,1000281712,JPXIAMI@EP2604A,SEHK
22408,1000281559,HSCSHEN@EC2605A,SEHK
22409,1000281608,HS-BYD @EP2608A,SEHK
22900,1000283372,UBBAIDU@EC2604B,SEHK
22901,1000283414,UB-NIO @EC2607A,SEHK
22903,1000283457,UBJDCOM@EC2606A,SEHK
22904,1000283500,UB-ICBC@EC2605A,SEHK
22905,1000283371,UB-AIA @EC2612A,SEHK
22906,1000283411,MB-MNSO@EC2704A,SEHK
22907,1000283447,CTALUCO@EC2607A,SEHK
22908,1000283491,CTHUAHO@EC2608A,SEHK
22909,1000283359,BPGANFE@EC2612A,SEHK
02250,1000132390,B.DUCK SEMK,SEHK
22500,1000281927,CI-TMEG@EC2607A,SEHK
22501,1000282019,CIALIBA@EP2609A,SEHK
22502,1000282064,CIHZROB@EC2605A,SEHK
22503,1000281973,CIZJSHI@EC2610A,SEHK
22504,1000281928,CIHRPHA@EC2610A,SEHK
22505,1000282020,CICLIFE@EC2605A,SEHK
22506,1000282063,BPALIBA@EC2603G,SEHK
22507,1000281980,SGSDGLD@EC2603A,SEHK
22508,1000281934,SG-CKA @EC2608A,SEHK
02310,6307,TIMES UNI GP,SEHK
02260,1000132291,VANOV HOLDINGS,SEHK
22600,1000282597,SGXPENG@EC2608A,SEHK
22601,1000282476,HS-HSI @EC2602B,SEHK
22602,1000282647,HS-BOCL@EC2604A,SEHK
22603,1000282544,MB-MCC @EC2605A,SEHK
22604,1000282593,MBLENOV@EP2603A,SEHK
22605,1000282485,MBCTGDF@EC2605A,SEHK
22606,1000282651,MB-WXAT@EC2606A,SEHK
22607,1000282545,MBGFSEC@EC2608A,SEHK
22608,1000282594,MB-BOCL@EC2610A,SEHK
22200,1000280832,HU-CHQG@EC2605A,SEHK
22201,1000280871,HULAOPU@EP2606A,SEHK
22202,1000280756,HUANTAS@EC2612A,SEHK
22204,1000280795,JP-BYD @EP2608A,SEHK
22205,1000280833,JP-GWMC@EC2607A,SEHK
22206,1000280872,JP-LEAP@EC2609A,SEHK
22207,1000280757,JPLININ@EC2605B,SEHK
22208,1000280796,JP-CHQG@EC2605A,SEHK
22209,1000280834,JPCSHEN@EC2605A,SEHK
02280,112821,HC GROUP,SEHK
22800,1000282963,SG-CHQG@EC2606A,SEHK
22801,1000283006,SGMEITU@EC2605A,SEHK
22802,1000282878,SG-AGBK@EC2608A,SEHK
22803,1000282920,SGHSTEC@EC2605A,SEHK
22804,1000283067,DSTENCT@EC2607B,SEHK
22806,1000283293,DS-HKEX@EC2706A,SEHK
22807,1000283215,DSALIBA@EC2604A,SEHK
22808,1000283146,JPKUASO@EC2606B,SEHK
22809,1000283072,JP-BYD @EC2606A,SEHK
02230,223091,MEDIALINK GROUP,SEHK
22300,1000281133,HUALIBA@EP2606A,SEHK
22301,1000281188,HUALIBA@EC2603E,SEHK
22302,1000281297,HU-ZTO @EC2612A,SEHK
22303,1000281243,HUASMPT@EC2609A,SEHK
22304,1000281131,HS-WPC @EC2605A,SEHK
22305,1000281180,BI-JDL @EC2606A,SEHK
22306,1000281302,SGCNOOC@EP2612A,SEHK
22307,1000281247,SGPOMRT@EC2604A,SEHK
22308,1000281136,SGCSHEN@EC2607A,SEHK
02330,4491,CHINA UPTOWN,SEHK
23301,1000277093,CTAMCS3@EC2603A,SEHK
02360,210764,BEST MART 360,SEHK
02350,1000166522,MTT GROUP,SEHK
23503,1000277001,CT-HKEX@EC2601B,SEHK
02320,6555,HOP FUNG GROUP,SEHK
02340,6594,ISP HOLDINGS,SEHK
23409,1000216394,MBCSAIR@EC2601A,SEHK
02370,1000146918,REDCO HEALTHY,SEHK
02390,1000149462,ZHIHU-W,SEHK
02380,8048,CHINA POWER,SEHK
02410,1000229320,TYK MEDICINES-B,SEHK
02460,1000237839,CR BEVERAGE,SEHK
02440,1000177044,MEMESTRATEGY,SEHK
02490,1000202951,LC LOGISTICS,SEHK
24900,1000222547,UB-JDHI@EC2512A,SEHK
02420,1000172163,ZIBUYU,SEHK
02520,1000207146,SHANXI INSTALL,SEHK
02540,1000216884,LESI GROUP,SEHK
24705,1000221751,JP-JDHI@EC2512A,SEHK
02530,1000243890,NUMANS,SEHK
25307,1000224179,MBZIJIN@EC2512A,SEHK
02480,1000190423,LUZHU BIOTECH-B,SEHK
02510,1000238998,TS LINES,SEHK
02450,1000179688,HUAIBEI GD CO,SEHK
24504,1000220988,MS-AIA @EC2603A,SEHK
02570,1000241256,REFIRE,SEHK
02550,1000224678,EASOU TECH,SEHK
25508,1000224923,JPEBENV@EC2512A,SEHK
02560,1000243258,CONCH MAT TECH,SEHK
02610,1000253127,NANSHAN AL INTL,SEHK
26409,1000228671,SGYKENR@EC2512A,SEHK
02590,1000264809,GEEKPLUS-W,SEHK
02580,1000269492,AUX ELECTRIC,SEHK
25809,1000226173,JP-HKEX@EC2512A,SEHK
02660,220669,ZENGAME,SEHK
26602,1000229377,JP-AAC @EC2512A,SEHK
26607,1000229400,UB-CMOB@EC2512A,SEHK
02670,1000276796,YUNJI,SEHK
26705,1000277137,BIBAIDU@EC2604A,SEHK
02650,1000275396,ZHIDA TECH,SEHK
26509,1000229081,UB-CTFJ@EC2601A,SEHK
02630,1000279595,VIGONVITA-B,SEHK
26902,1000277196,MBZCRRC@EC2604A,SEHK
02680,197952,INNOVAX HLDGS,SEHK
27101,1000277287,CI-HSBC@EC2607A,SEHK
27400,1000232672,MB-WPC @EC2602A,SEHK
27402,1000232662,MB-CLPG@EC2602A,SEHK
27303,1000232342,JP-ICBC@EC2512A,SEHK
27701,1000234278,UBCSOFT@EC2512A,SEHK
27201,1000231895,HSBYDEI@EC2612A,SEHK
27205,1000231898,UBTENCT@EC2812A,SEHK
27904,1000235318,JPALIBA@EP2512A,SEHK
27800,1000234879,BP-CMOB@EC2604A,SEHK
27801,1000234889,BP-CMOB@EC2601B,SEHK
27803,1000234900,BPXIAMI@EC2604A,SEHK
27809,1000234883,BP-HKEX@EC2601B,SEHK
27604,1000233898,HSCSOFT@EC2512A,SEHK
02820,1000003953,GX CN BIOTECH,SEHK
28206,1000277366,MS-CATL@EC2603B,SEHK
02840,25336,SPDR GOLD TRT,SEHK
02810,193457,PREMIAEMASEAN,SEHK
02830,1000206607,CSOP SAUDI,SEHK
28301,1000236958,MB-HKEX@EC2606A,SEHK
28600,1000277452,HUBOCOM@EC2609A,SEHK
28905,1000277565,JPXIAMI@EC2608C,SEHK
28509,1000277371,UBTENCT@EC2604B,SEHK
02880,11146,LIAONING PORT,SEHK
28801,1000277448,BPZIJIN@EC2605A,SEHK
28804,1000277334,BP-SMIC@EC2604B,SEHK
28806,1000239261,MB-GCL @EC2609A,SEHK
28809,1000277502,BP-GEG @EC2604B,SEHK
29102,1000277639,HUCNOOC@EC2611A,SEHK
29109,1000241449,BI-AAC @EC2512A,SEHK
29706,1000243917,CTSPDRG@EC2603A,SEHK
29501,1000277659,HS-AIA @EC2604A,SEHK
29600,1000277658,HSALIBA@EC2609A,SEHK
29601,1000277582,HSXIAMI@EC2608B,SEHK
29603,1000278015,MBPOMRT@EC2604A,SEHK
29605,1000277890,MB-GEG @EC2605A,SEHK
29300,1000277580,CT-LINK@EC2604A,SEHK
29400,1000277804,CIJIANC@EC2705A,SEHK
29402,1000242828,MSCLIFE@EP2512A,SEHK
29406,1000277729,CIXIAMI@EC2609B,SEHK
29806,1000244165,BIKUASO@EC2607A,SEHK
29905,1000244450,CI-CCB @EC2605A,SEHK
29907,1000244409,CICPAIR@EC2512A,SEHK
29908,1000278071,BP-GWMC@EC2607A,SEHK
03020,26651,X TRMSCIUSA,SEHK
03070,71864,PING AN HKDIV,SEHK
03010,31859,ISHARES AXJ,SEHK
03050,1000085410,GX CN GL LEADER,SEHK
03040,88917,GX MSCI CHINA,SEHK
03110,88918,GX HS HIGH DIV,SEHK
03130,1000060387,HS CSI300,SEHK
03160,136300,CAM JAPAN HDG,SEHK
03150,1000205721,GX JP GL LEADER,SEHK
03190,1000157990,FB SSH HIGH DIV,SEHK
03320,146717,CHINARES PHARMA,SEHK
03330,10418,LINGBAO GOLD,SEHK
03390,1000033504,TYCOON GROUP,SEHK
03360,60838,FE HORIZON,SEHK
03430,1000266361,MBC BTC,SEHK
03440,1000241858,GX 0-3M UST,SEHK
03410,1000226402,HS JAPAN TPX100,SEHK
03450,1000227231,GX 3-5Y UST,SEHK
03380,97208,LOGAN GROUP,SEHK
03420,1000275596,A VP RMB MM,SEHK
03460,1000278513,CAM SOL,SEHK
03470,1000252970,GX GREATERCHINA,SEHK
03480,1000275598,A VP USD MM,SEHK
03650,1000195762,KEEP,SEHK
03690,198419,MEITUAN-W,SEHK
03680,1000016740,RUIHE DATA,SEHK
03750,1000259940,CATL,SEHK
03830,162852,KIDDIELAND,SEHK
03860,1000017127,EPS HEALTH TECH,SEHK
03880,1000262701,MEDTIDE,SEHK
40200,1000036443,PETRONAS N3004,SEHK
40201,1000036444,PETRONAS N5004,SEHK
40202,1000036445,PETRONAS N6004,SEHK
40204,1000036315,SUN EXP N3004,SEHK
40209,1000037228,XIAOMI BT N3004,SEHK
04030,78138,EFN 0.80 2708,SEHK
40307,1000212662,AIR AUTH N2707,SEHK
40102,1000018259,WYNN MAC N2912,SEHK
40104,1000018766,TJ SCIM B2612,SEHK
40105,1000018767,TJ SCIM B2912,SEHK
40106,1000018768,TJ SCIM B3912,SEHK
03990,200464,MIDEA REAL EST,SEHK
40700,1000098707,AAC N3106,SEHK
40704,1000098890,SFG INTL B2606,SEHK
40706,1000098891,CHALCO CH B2606,SEHK
40402,1000059566,CCBL1CORP N3009,SEHK
40404,1000059855,CFAMC IV N3009,SEHK
40500,1000069250,AIR AUTH SPCSA,SEHK
40501,1000069251,AIR AUTH SPCSB,SEHK
40503,1000069253,CHGHK TM GPSB,SEHK
40504,1000069427,NWD FIN GSPCSC,SEHK
40508,1000069738,LOGAN GRP N2612,SEHK
40603,1000084960,CDBL FND2 N2603,SEHK
40604,1000085200,CAPCO FC N3103,SEHK
40605,1000085413,GUOTAI JA N2603,SEHK
40609,1000085902,HLP FIN N2703,SEHK
40807,1000111646,SX CD B2608,SEHK
40809,1000111648,YLDKING N2608,SEHK
40900,1000122584,HCG N2610,SEHK
40903,1000123162,DAHSING B N3111,SEHK
40905,1000123164,ICBCIL FN N2611,SEHK
40908,1000123797,YCIC IHK N2611,SEHK
04230,135848,HKGB 1.68 2601,SEHK
04290,1000251003,HKGB 3.99 4503,SEHK
04260,1000181812,HKGB GREEN 2801,SEHK
04280,1000228874,HKGB GR 2707,SEHK
04270,1000195277,HKGB GREEN 2706,SEHK
04250,1000126653,HKGB GREEN 4111,SEHK
04320,1000134959,AIR AUTH N6201,SEHK
04310,1000213508,CICCMTN N2701B,SEHK
04530,1000217413,HKMC N3402,SEHK
04580,80969,CHINA OVS N4211,SEHK
49602,1000256591,UB#DJIA RC2512B,SEHK
49603,1000256658,UB#DJIA RC2512C,SEHK
49604,1000256723,UB#DJIA RC2512D,SEHK
49605,1000256789,UB#DJIA RC2512E,SEHK
49606,1000256592,UB#DJIA RC2512F,SEHK
49701,1000261147,SG#DJIA RC2512L,SEHK
49702,1000261071,SG#NQ100RC2512L,SEHK
49703,1000261173,BP#NQ100RC2512F,SEHK
49800,1000270873,HS#NQ100RC2603A,SEHK
49801,1000273433,SG#DJIA RP2812J,SEHK
49802,1000273340,SG#DJIA RP2812K,SEHK
49803,1000273387,SG#DJIA RP2812L,SEHK
49804,1000273481,SG#NQ100RP2812W,SEHK
49805,1000273434,SG#NQ100RP2812X,SEHK
49807,1000273612,JP#DJIA RP2812M,SEHK
49808,1000273552,JP#NQ100RC2603A,SEHK
49809,1000273739,JP#DJIA RP2812N,SEHK
49900,1000282804,SG#DJIA RP2812S,SEHK
49901,1000282758,SG#NQ100RP28129,SEHK
49902,1000282711,SG#S&P  RP2812P,SEHK
49903,1000282666,MS#DJIA RP2812A,SEHK
49905,1000282717,MS#NQ100RP2812A,SEHK
49907,1000283207,UB#NQ100RP2812R,SEHK
49908,1000283133,UB#NQ100RP2812S,SEHK
49909,1000238853,UB#DJIA RP2612J,SEHK
50103,1000233005,JP#HSI  RC2709C,SEHK
50106,1000233033,CT#HSI  RC2709C,SEHK
50109,1000216700,UB#HSI  RC2609G,SEHK
50205,1000233146,UB#HSI  RC2707R,SEHK
50206,1000216822,SG#HSI  RC2609E,SEHK
50300,1000233256,GJ#HSI  RC25115,SEHK
50400,1000233312,SG#HSI  RC2707E,SEHK
50401,1000233307,SG#HSI  RC2709D,SEHK
50402,1000233325,SG#HSI  RC27088,SEHK
50403,1000233319,SG#HSI  RC27089,SEHK
50404,1000233313,SG#HSI  RC2708C,SEHK
50405,1000233308,SG#HSI  RC2708D,SEHK
05150,1000230531,YCHITEC B2708,SEHK
05080,1000227234,CGWIH VI UGPS,SEHK
50802,1000233653,BP#PINANRC2706C,SEHK
50805,1000233634,BP#JDCOMRC2704H,SEHK
50609,1000233485,HS#HSI  RC2709B,SEHK
05140,1000229771,BOCOM N2608B,SEHK
05050,1000227232,FWDGHL SDCS3107,SEHK
50503,1000233421,SG#HSI  RC2709F,SEHK
50504,1000233470,SG#HSI  RC2708H,SEHK
50505,1000233398,SG#HSCEIRC2709A,SEHK
50702,1000233548,UB#HSI  RC27085,SEHK
50706,1000233600,UB#HSCEIRC2709A,SEHK
05090,1000227967,CM BANK N2707,SEHK
50907,1000233786,CT#HKEX RC2610A,SEHK
05170,1000231497,URA N2908,SEHK
05180,1000231844,JZ UDH B2708,SEHK
51602,1000234452,UB#HKEX RC2610E,SEHK
05190,1000150542,CNCB INTL UCS D,SEHK
05220,1000234471,AIA GRP SDS3503,SEHK
05230,1000234473,MEITUAN N2804,SEHK
05250,1000238432,HKMC N2910,SEHK
05270,1000239358,HZMGS HT B2710,SEHK
05280,163954,WYNN MAC N2710,SEHK
52809,1000235414,BP#JDCOMRP2703I,SEHK
53200,1000281337,SG#SMIC RP2812P,SEHK
53203,1000281436,SG#CLIFERC2612A,SEHK
53206,1000247247,UB#BAIDURP2712E,SEHK
53604,1000276566,SG#WUXI RP2812I,SEHK
53608,1000271480,GJ#HSI  RC2807J,SEHK
05340,1000242315,QZ QT B2712,SEHK
05310,148490,SKYFAME B2609,SEHK
53101,1000259612,JP#AIA  RC2710E,SEHK
53800,1000281564,JP#XPENGRP2805C,SEHK
53804,1000276546,CT#HSI  RP2802A,SEHK
53809,1000276246,CT#HSI  RP28042,SEHK
53701,1000281718,UB#GJINTRP2706A,SEHK
53704,1000271602,JP#JDCOMRC2612B,SEHK
53705,1000259799,HS#AIA  RC2710A,SEHK
53706,1000259739,HS#CLIFERC2710A,SEHK
53300,1000259785,SG#HSI  RC27122,SEHK
53303,1000259813,SG#HSI  RC2711C,SEHK
53304,1000276207,SG#HSI  RP28035,SEHK
53503,1000281645,SG#CLIFERC2612D,SEHK
54300,1000236317,BP#HKEX RP2707I,SEHK
54301,1000281736,BP#HSI  RP2811W,SEHK
54305,1000281744,BP#PINANRP2605A,SEHK
54306,1000271691,SG#HSI  RC2808J,SEHK
54307,1000281834,BP#ALIBARP2805M,SEHK
54309,1000271659,SG#TRIP RP2812B,SEHK
05450,1000251377,QDJZ UDI B2803,SEHK
54500,1000281967,JP#HSI  RP2810K,SEHK
54503,1000260040,UB#CLIFERC2808D,SEHK
54504,1000236407,SG#ICBC RC2710A,SEHK
54506,1000264705,HS#KUASORC2512I,SEHK
54507,1000264789,HS#HKEX RC2711G,SEHK
54508,1000276484,CI#HSI  RP2809B,SEHK
05390,1000245387,CZ INTL B2801,SEHK
53907,1000281673,HS#HSI  RP2804Z,SEHK
53908,1000259928,BI#HSI  RC2712V,SEHK
53909,1000271565,BP#HSI  RC2809W,SEHK
54200,1000271544,SG#JDCOMRC2611B,SEHK
54204,1000236170,HS#CCB  RC2608A,SEHK
54205,1000281729,UB#HSI  RP2804F,SEHK
54206,1000276432,UB#SMIC RP2703G,SEHK
54208,1000259921,JP#HSI  RC2709R,SEHK
54209,1000271545,SG#HSI  RC28089,SEHK
05410,1000246050,LT OVS B2801,SEHK
54101,1000259917,CT#HSI  RC2709Y,SEHK
54102,1000281876,BI#HSI  RP2804B,SEHK
54105,1000271477,CT#HSI  RC2807U,SEHK
05440,1000164729,LENOVO B2908,SEHK
54400,1000281889,JP#HSI  RP2809R,SEHK
54403,1000271772,JP#TRIP RP2708D,SEHK
54404,1000276482,CI#HSI  RP2805V,SEHK
54405,1000276182,CI#HSI  RP2808F,SEHK
54407,1000276338,CI#HSI  RP2808G,SEHK
54408,1000271673,JP#MTUANRC2602R,SEHK
54409,1000281800,JP#SENTMRC2606F,SEHK
05470,1000253129,FJ SHISHI B2803,SEHK
54700,1000282041,HS#AIA  RP2812A,SEHK
54703,1000276516,BP#HSI  RP2804V,SEHK
54704,1000271876,HS#BYD  RC2712A,SEHK
54707,1000271819,HS#ALIBARC2604D,SEHK
54709,1000271991,HS#HSI  RC2807E,SEHK
55009,1000237159,SG#ALIBARC2607D,SEHK
05460,1000252046,SWHY INTL B2803,SEHK
54602,1000282079,BP#HSI  RP28032,SEHK
54606,1000236651,JP#PINANRP2604B,SEHK
05490,1000255173,SOAR WISE N2803,SEHK
54900,1000282137,SG#HSI  RP2804X,SEHK
54901,1000282271,SG#HSI  RP28042,SEHK
54903,1000282181,SG#JDCOMRP2812K,SEHK
54904,1000282226,SG#HSTECRP28124,SEHK
05480,1000254271,FSGAOMING B2803,SEHK
54803,1000236868,JP#HKEX RP2707C,SEHK
54804,1000236766,JP#TRIP RP2708B,SEHK
54808,1000264856,JP#ICBC RP2805A,SEHK
55200,1000272307,HS#HSI  RC2807V,SEHK
55201,1000282418,HS#KUASORC2608A,SEHK
55202,1000272270,HS#POMRTRP2711E,SEHK
55203,1000282379,HS#ALIBARP2807D,SEHK
55204,1000282340,HS#XPENGRP2807B,SEHK
55205,1000260361,SG#HSI  RC2802H,SEHK
55206,1000282302,HS#HSI  RP2804L,SEHK
55208,1000260446,SG#HSI  RC2802I,SEHK
55102,1000282309,UB#HSI  RP28049,SEHK
55104,1000237188,JP#MTUANRP2711A,SEHK
55105,1000282410,UB#HSI  RP2804B,SEHK
55106,1000282387,UB#HSI  RP2804D,SEHK
55107,1000260181,CT#JDCOMRP2712B,SEHK
55300,1000272368,JP#ALIBARC2608M,SEHK
55301,1000248267,HS#C MOBRC2512A,SEHK
55302,1000282523,MS#HSI  RP28043,SEHK
55304,1000282579,MS#HSI  RP2803K,SEHK
55305,1000265092,DS#HSI  RC2707B,SEHK
55306,1000282467,MS#HSI  RP28045,SEHK
55309,1000272462,JP#HSI  RC2808L,SEHK
55400,1000265054,UB#TRIP RC2512A,SEHK
55406,1000272427,BP#HSI  RC28119,SEHK
55505,1000265306,GJ#HSI  RC27124,SEHK
55506,1000252896,JP#JDCOMRP2802A,SEHK
55900,1000265365,DS#HSI  RC2708B,SEHK
55901,1000265427,DS#HSI  RC2802A,SEHK
55905,1000272837,JP#POMRTRP2807A,SEHK
55908,1000282742,BI#HSI  RP2804Y,SEHK
56007,1000282675,MS#HSI  RP2804A,SEHK
05560,1000172648,AIA GROUP N2710,SEHK
55600,1000221003,UB#HSI  RC2607C,SEHK
55602,1000282540,HS#TENCTRC2609G,SEHK
55603,1000260611,HS#AIA  RC2710B,SEHK
55604,1000272560,JP#HSI  RC28084,SEHK
55800,1000282619,SG#KUASORC2606E,SEHK
55804,1000282507,SG#KUASORC2607A,SEHK
55807,1000221250,BP#HSI  RC2610E,SEHK
55808,1000265299,HS#TENCTRC2601T,SEHK
55809,1000265264,HS#CCB  RP2710A,SEHK
05570,1000260928,DEEP DEV B3205,SEHK
55700,1000221130,SG#HSI  RC2608D,SEHK
55701,1000221124,SG#HSI  RC2608F,SEHK
55707,1000272682,BP#SMIC RC2602M,SEHK
56102,1000265449,JP#HSI  RC2804L,SEHK
56107,1000272926,UB#POMRTRP2807I,SEHK
56208,1000282816,UB#HSI  RP2804Z,SEHK
05640,140625,HKE FIN N2605,SEHK
56405,1000265529,UB#HSI  RC2802D,SEHK
56407,1000278047,SG#ALIBARC26072,SEHK
05630,140202,CITIC LTD N3604,SEHK
56302,1000261005,HS#XPENGRC2603A,SEHK
56303,1000260945,CT#TENCTRC2512A,SEHK
56304,1000272939,JP#HSI  RP28043,SEHK
56309,1000272940,JP#HSI  RP28046,SEHK
05660,141527,CDB N2606,SEHK
56602,1000273295,HS#TENCTRP2803B,SEHK
56603,1000282772,UB#HZROBRC2607C,SEHK
05690,1000183452,XIAN AERO B2601,SEHK
56902,1000265648,CT#HSI  RC2802V,SEHK
56907,1000273437,SG#SMIC RC2603I,SEHK
56908,1000273343,SG#ALIBARC2610K,SEHK
05680,1000182767,ICBC N2601A,SEHK
56800,1000265664,CI#HSI  RC2709U,SEHK
56804,1000273324,JP#ALIBARC26078,SEHK
56805,1000265597,BP#SMIC RC2602D,SEHK
56809,1000265630,BP#KUASORC2512D,SEHK
05650,141183,STATEGRID N2605,SEHK
56500,1000273173,CT#HSI  RP2702F,SEHK
56501,1000273226,CT#HSI  RC2809D,SEHK
56503,1000249216,JP#HSI  RC2708M,SEHK
56505,1000273174,CT#HSI  RC2609O,SEHK
56506,1000273227,CT#HSI  RP2612Y,SEHK
56508,1000261124,CT#BYD  RP2612H,SEHK
05670,142060,MTR CORP N4606,SEHK
56703,1000265640,UB#ALIBARC2607E,SEHK
57100,1000276639,UB#HSI  RP28084,SEHK
57106,1000261429,JP#BAIDURC2512C,SEHK
57108,1000261394,JP#WUXI RC2607A,SEHK
57109,1000282703,JP#HSI  RP2810T,SEHK
05720,1000008901,HYSAN MTN N2909,SEHK
57201,1000265818,SG#HSI  RC2712R,SEHK
05730,1000266095,MY INV B2807,SEHK
57303,1000276599,HS#HSI  RP2803F,SEHK
57305,1000276762,HS#HSI  RP2804G,SEHK
57307,1000273619,JP#TENCTRP2808F,SEHK
57004,1000282670,JP#KUASORC2605B,SEHK
57005,1000282809,JP#TENCTRP2810D,SEHK
57006,1000273394,BP#SMIC RC2602O,SEHK
57007,1000249649,SG#BYD  RP2812C,SEHK
57008,1000249728,SG#XIAMIRP2812A,SEHK
05740,1000187174,DTCX INV B2603,SEHK
57402,1000282700,BP#HSI  RP2804X,SEHK
57405,1000282718,BP#HSI  RP2804D,SEHK
57406,1000273514,SG#HSI  RP2804K,SEHK
57409,1000265861,MS#PINANRC2710J,SEHK
05770,1000268046,CSCIFHK N2807,SEHK
57700,1000266070,SG#HSI  RC2802G,SEHK
57701,1000265995,SG#SENTMRC2605A,SEHK
57705,1000266033,SG#HKEX RP2812Q,SEHK
57709,1000273939,GJ#HSI  RP2803V,SEHK
05760,107871,CHINA OVS N3406,SEHK
57602,1000273715,BP#HSI  RP2804Z,SEHK
57606,1000273650,BP#HSI  RP28046,SEHK
57607,1000282811,BP#XIAMIRC2606F,SEHK
57608,1000282765,BP#ALIBARC2605C,SEHK
58301,1000266165,JP#HSI  RC27096,SEHK
58308,1000253712,SG#ALIBARP2810K,SEHK
57800,1000261762,HS#CCB  RC2710C,SEHK
57804,1000276724,BP#HSI  RP2803G,SEHK
57806,1000253533,UB#LIAUTRP2609B,SEHK
57503,1000249823,HS#XIAMIRP2710C,SEHK
05790,1000194291,BAUHINIA N4410A,SEHK
57900,1000276672,CI#HSI  RP28045,SEHK
57901,1000276726,CI#HSI  RP2805X,SEHK
57906,1000266048,MS#HKEX RC2604E,SEHK
58005,1000273813,UB#MTUANRC2603J,SEHK
58006,1000282735,HS#HSI  RC2810N,SEHK
05870,1000203543,CEBSYD N2609,SEHK
58702,1000266342,JP#ALIBARC2601U,SEHK
58705,1000266255,HU#HSI  RC2712F,SEHK
05820,1000197665,HUBEINTD B2607,SEHK
58207,1000266158,UB#ALIBARC2512I,SEHK
58900,1000266425,DS#HSI  RC2711F,SEHK
58905,1000278725,UB#WUXI RP2704A,SEHK
58906,1000253895,BP#BYD  RP2801F,SEHK
58908,1000254042,BP#XIAMIRP2801F,SEHK
58909,1000250482,UB#XIAMIRP2802C,SEHK
05840,1000268195,CDXS B2808,SEHK
58401,1000276812,UB#HSI  RP28043,SEHK
58402,1000276847,UB#HSI  RP2803B,SEHK
58403,1000262056,HS#WUXI RC2512C,SEHK
58404,1000282761,HS#HSI  RP2808R,SEHK
58407,1000276914,UB#HSI  RP2803D,SEHK
58500,1000253645,JP#HSI  RP2711Y,SEHK
58504,1000274065,GJ#HSI  RP2803Y,SEHK
58506,1000250206,SG#MTUANRP2812E,SEHK
05860,1000202952,CEBHK N2609,SEHK
58601,1000253687,JP#MTUANRP2802D,SEHK
58605,1000266348,UB#SENTMRC2604B,SEHK
58103,1000266103,BP#HSI  RC2808W,SEHK
58104,1000266149,BP#HSI  RC2808F,SEHK
58105,1000278456,UB#PINANRC2810A,SEHK
58107,1000278403,UB#XIAMIRP2809A,SEHK
05880,1000270246,HN WCI B2808,SEHK
58801,1000278564,DS#HSI  RC2809H,SEHK
58803,1000278704,DS#HSI  RC2809I,SEHK
58809,1000276853,CI#HSI  RP28057,SEHK
05910,1000205724,SR CITY B2610B,SEHK
59104,1000278524,SG#KUASORP2812T,SEHK
59105,1000253919,UB#ALIBARP2802J,SEHK
59106,1000250500,SG#LIAUTRP2812A,SEHK
59109,1000266434,JP#HSI  RC2807C,SEHK
59502,1000277005,HS#ALIBARP2711S,SEHK
59505,1000277097,HS#KUASORP2712E,SEHK
05920,1000274152,CPIC B3009,SEHK
59200,1000274039,JP#TRIP RP2805A,SEHK
59204,1000278671,SG#HSTECRC2604D,SEHK
59206,1000276944,SG#HSI  RP2803F,SEHK
05930,87571,SINO CAP N4304,SEHK
59300,1000266617,MS#HSI  RC2802C,SEHK
59302,1000262380,BI#HSI  RC27124,SEHK
59303,1000266588,SG#HSI  RC2803E,SEHK
59306,1000262301,CI#HSI  RC2802W,SEHK
59307,1000262350,CI#HSI  RC2802X,SEHK
59309,1000278608,BP#XIAMIRP2806G,SEHK
59705,1000282980,CI#HSI  RC2809E,SEHK
59400,1000278713,JP#BYD  RP2809A,SEHK
59405,1000254142,UB#BYD  RP2801I,SEHK
59408,1000274084,JP#TENCTRP2807R,SEHK
59409,1000266595,CT#HSI  RC2803M,SEHK
59605,1000266738,UB#TENCTRC2512O,SEHK
59606,1000266668,UB#ALIBARC2512L,SEHK
59607,1000266774,UB#WUXI RC2607C,SEHK
59608,1000266704,UB#SMIC RC2603B,SEHK
60406,1000274269,GJ#HSI  RP2803Z,SEHK
60409,1000274348,GJ#HSI  RP28031,SEHK
60005,1000267053,BP#TENCTRC2601A,SEHK
60006,1000267017,BP#SMIC RC2602E,SEHK
60007,1000262371,SG#HSI  RC2802P,SEHK
60008,1000262412,SG#HSI  RC2802W,SEHK
60009,1000262290,SG#HSI  RC2802Y,SEHK
06030,67019,CITIC SEC,SEHK
60305,1000274458,JP#HSI  RP2808U,SEHK
60309,1000262496,JP#TENCTRC26064,SEHK
05980,95584,SINOPEC N4310,SEHK
59800,1000262405,JP#HSI  RC2803T,SEHK
06060,163544,ZA ONLINE,SEHK
60600,1000274438,CI#HSI  RP2802H,SEHK
60604,1000274256,BP#HSI  RP2903I,SEHK
60606,1000274333,BP#HSI  RP2903L,SEHK
60609,1000267210,JP#HSTECRC2512A,SEHK
60704,1000267292,JP#HSI  RP28041,SEHK
60705,1000279454,BI#POMRTRP2608A,SEHK
06010,1000280586,MEITUAN N3511,SEHK
60102,1000274173,BI#HSI  RP28038,SEHK
60103,1000282907,UB#LIAUTRC2605C,SEHK
60107,1000262479,UB#TENCTRC2606G,SEHK
60201,1000274356,JP#ALIBARP2808K,SEHK
60209,1000267306,SG#HSCEIRC2709I,SEHK
05990,1000278100,BHN3 N4510D,SEHK
59909,1000279194,SG#POMRTRP2812Y,SEHK
06090,1000273097,BUTONG GROUP,SEHK
60905,1000267402,BP#HSI  RP2903X,SEHK
60500,1000277209,JP#HSI  RP2809G,SEHK
60502,1000240882,HS#C MOBRC2709A,SEHK
60503,1000267275,UB#ALIBARC2608A,SEHK
06080,164601,WING CHI HLDGS,SEHK
60800,1000274157,HS#SMIC RC2602D,SEHK
60803,1000267554,SG#XIAMIRP2812V,SEHK
60805,1000267501,SG#XIAMIRP2812W,SEHK
60809,1000274158,HS#ALIBARP2711M,SEHK
06110,1000010460,TOPSPORTS,SEHK
61103,1000262735,CI#HSI  RC27122,SEHK
61104,1000267383,UB#HSI  RP2802Z,SEHK
61208,1000279509,JP#POMRTRP2807I,SEHK
61702,1000241609,GJ#HSI  RC2710X,SEHK
61402,1000267659,SG#ALIBARC2608B,SEHK
61300,1000274610,UB#POMRTRC2603D,SEHK
61303,1000274550,UB#TENCTRP2808C,SEHK
61304,1000274611,UB#TENCTRP2808D,SEHK
61305,1000274672,UB#HKEX RP2806A,SEHK
06160,194142,BEONE MEDICINES,SEHK
61601,1000282929,HS#SENTMRC2608A,SEHK
61607,1000282970,HS#XTAPIRC2607C,SEHK
61608,1000274816,HS#HSI  RP2803U,SEHK
61609,1000279697,UB#POMRTRP2806A,SEHK
06190,190372,BANKOFJIUJIANG,SEHK
61902,1000263222,HS#AIA  RC2711A,SEHK
62205,1000279896,SG#TENCTRP2812T,SEHK
62209,1000252003,SG#MTUANRP2812G,SEHK
62803,1000280066,SG#HSBC RC2809F,SEHK
62804,1000268320,JP#HSI  RC2807Q,SEHK
62805,1000210384,CT#HSI  RC2609G,SEHK
62807,1000279982,SG#HSBC RP2606A,SEHK
62501,1000263430,HS#BYD  RP2711E,SEHK
62507,1000282890,SG#XIAMIRC2611C,SEHK
62300,1000252027,SG#HSI  RP2712G,SEHK
62301,1000226553,JP#LENOVRP2606A,SEHK
62303,1000252015,SG#HSI  RP2712H,SEHK
62304,1000251976,SG#HSI  RP2712I,SEHK
62306,1000267907,BP#TENCTRC2601D,SEHK
62308,1000279770,SG#XIAMIRC2609D,SEHK
62709,1000282891,SG#HSI  RC2810W,SEHK
62603,1000275323,MS#ALIBARP2807B,SEHK
62405,1000255548,HS#SMIC RC2601B,SEHK
62407,1000252227,BP#HSI  RP28119,SEHK
62408,1000252157,BP#HSI  RP2811C,SEHK
63200,1000268480,SG#HSI  RC2803R,SEHK
63209,1000268413,SG#ALIBARC2602N,SEHK
63309,1000252124,UB#HSI  RP2802C,SEHK
63100,1000268442,CI#HSI  RC2711M,SEHK
63108,1000256101,SG#MTUANRP2812P,SEHK
63400,1000268587,UB#TENCTRC2601K,SEHK
63401,1000283120,DS#HSI  RC28104,SEHK
63402,1000256401,UB#AIA  RC2610C,SEHK
63404,1000256373,UB#GEELYRC2609A,SEHK
63405,1000268619,UB#HSI  RC2807Z,SEHK
62901,1000268226,SG#BYD  RP28127,SEHK
62902,1000282889,JP#HSI  RC28102,SEHK
62903,1000268277,SG#MTUANRP2612J,SEHK
62904,1000268379,SG#HSI  RC2807V,SEHK
62905,1000268227,SG#HSI  RC2807W,SEHK
62908,1000268328,SG#HSI  RC2810V,SEHK
63604,1000256520,GJ#HSI  RC2711Z,SEHK
63605,1000256515,GJ#HSI  RC2711J,SEHK
63606,1000275496,UB#ALIBARP2808H,SEHK
63609,1000275595,UB#ALIBARP2807C,SEHK
63800,1000268756,DS#HSI  RC27125,SEHK
63802,1000256767,CI#HSI  RC2810O,SEHK
63803,1000256571,CI#HSI  RC2810P,SEHK
63805,1000256636,CI#HSI  RC28097,SEHK
63807,1000256702,CI#HSI  RC2810Q,SEHK
63808,1000256768,CI#HSI  RC2710A,SEHK
63700,1000268564,CT#HSI  RC2807K,SEHK
63706,1000256648,MS#HSI  RC2711X,SEHK
63707,1000256713,MS#HSI  RC2712U,SEHK
64100,1000280476,JP#AIA  RC2806A,SEHK
64101,1000280555,JP#AIA  RC2806B,SEHK
64102,1000268888,UB#HKEX RC2709Q,SEHK
64103,1000243294,HS#C MOBRC2709C,SEHK
64104,1000280515,JP#BYD  RC2607V,SEHK
64105,1000243320,HS#TRIP RP2708B,SEHK
64107,1000268874,UB#XPENGRC2603A,SEHK
63500,1000280347,SG#POMRTRP28124,SEHK
63502,1000268615,MS#HSI  RC2807L,SEHK
63505,1000256487,UB#ALIBARC2604K,SEHK
63506,1000268637,BP#HSI  RC2903R,SEHK
63509,1000256362,UB#ALIBARC2604L,SEHK
64301,1000280535,SG#CNOOCRC2812E,SEHK
64304,1000256919,UB#CITSERC2607A,SEHK
64305,1000257037,UB#CITSERC2607B,SEHK
64306,1000256861,UB#CITSERC2607C,SEHK
64308,1000268942,HS#KUASORP2711C,SEHK
64203,1000256906,SG#CLIFERC2807A,SEHK
64206,1000257029,SG#CLIFERC2807B,SEHK
64209,1000280452,SG#ALIBARP2810L,SEHK
64902,1000257203,BP#HSI  RC2807Q,SEHK
64903,1000269106,UB#TENCTRC2606Q,SEHK
64909,1000283260,BI#HSI  RP2803H,SEHK
64804,1000243775,UB#HSBC RC2704I,SEHK
64807,1000280681,JP#ICBC RC2708D,SEHK
64809,1000283185,BI#HSI  RP2803B,SEHK
64604,1000275777,MS#XIAMIRP2712R,SEHK
64606,1000280660,SG#HSTECRP28123,SEHK
64607,1000268996,HS#HSI  RC2807Z,SEHK
64701,1000283211,BI#HSI  RC2808J,SEHK
64703,1000283136,BI#HSI  RP28039,SEHK
64704,1000257176,UB#AIA  RC2609B,SEHK
64706,1000257100,UB#CLIFERC2608A,SEHK
65200,1000269350,HS#CSPC RP2712A,SEHK
65203,1000257562,CT#HSBC RC2612C,SEHK
65204,1000283196,DS#HSI  RC2810A,SEHK
65207,1000257485,CT#HSI  RC2710G,SEHK
65100,1000257551,BP#HSI  RC2807C,SEHK
65104,1000283254,DS#POMRTRC2608B,SEHK
65108,1000269276,CI#HSI  RC2802Z,SEHK
65301,1000269297,UB#NTES RC2603A,SEHK
65303,1000257634,SG#HSI  RC2707F,SEHK
65307,1000257618,SG#HSI  RC2707G,SEHK
65308,1000257667,SG#HSI  RC27097,SEHK
65309,1000264123,BI#HSI  RC2712T,SEHK
65501,1000229280,JP#HSI  RC26108,SEHK
65503,1000257849,BP#HSI  RC28107,SEHK
65504,1000257753,BP#HSI  RC28108,SEHK
65506,1000257803,BP#HSI  RC28109,SEHK
65509,1000257706,BP#HSI  RC2810A,SEHK
65700,1000258000,UB#HSI  RC2710J,SEHK
65701,1000257954,UB#HSI  RC27102,SEHK
65702,1000229500,UB#CCB  RC2607C,SEHK
65703,1000257902,UB#HSI  RC2711R,SEHK
65705,1000257990,UB#HSI  RC2711S,SEHK
65901,1000269680,MS#HSBC RC2805A,SEHK
65903,1000275788,BP#SMIC RP2712H,SEHK
65905,1000269618,MS#TENCTRC2603B,SEHK
65906,1000277537,SG#TENCTRP28121,SEHK
65908,1000277425,SG#KUASORP2812R,SEHK
65909,1000257980,JP#CLIFERC2808C,SEHK
65400,1000269334,JP#TENCTRC2607I,SEHK
65403,1000244281,SG#ICBC RC2712B,SEHK
65405,1000244262,SG#CMB  RC2708F,SEHK
06610,1000168724,FLOWING CLOUD,SEHK
66101,1000269738,JP#TENCTRC2607L,SEHK
66102,1000258175,MS#HSI  RC2711C,SEHK
66103,1000258226,MS#HSI  RC2712P,SEHK
66107,1000258227,MS#HSI  RC2708P,SEHK
66108,1000258084,MS#HSI  RC2712K,SEHK
66109,1000258129,MS#HSI  RC2710J,SEHK
65800,1000257965,HS#HSI  RC27092,SEHK
65805,1000257973,HS#HSI  RC2709W,SEHK
66701,1000258533,SG#HSBC RC2812B,SEHK
66500,1000277671,MS#HSI  RC2809T,SEHK
66501,1000230169,JP#HSI  RC26112,SEHK
66503,1000258331,HS#CNOOCRC2611F,SEHK
66505,1000258389,HS#AIA  RC2601B,SEHK
66509,1000280912,JP#TRIP RC2609A,SEHK
66401,1000258293,UB#HSI  RC27101,SEHK
66403,1000258320,UB#HSI  RC27103,SEHK
66404,1000230063,HS#HSI  RC26094,SEHK
66405,1000230028,HS#HSI  RC26098,SEHK
66302,1000229900,UB#HSI  RC26089,SEHK
66305,1000258256,BI#HSI  RC27122,SEHK
66307,1000258368,SG#HSI  RC2709J,SEHK
66308,1000258340,SG#HSI  RC2709N,SEHK
66309,1000258286,SG#HSI  RC2711A,SEHK
06680,1000129956,JLMAG,SEHK
66806,1000245150,UB#HSI  RC2710R,SEHK
66809,1000245202,UB#HSI  RC2711D,SEHK
66200,1000283063,BP#ALIBARP2805N,SEHK
66201,1000283288,BP#BAIDURC2607E,SEHK
66205,1000244768,SG#TENCTRC2511C,SEHK
66206,1000283218,HS#HSI  RC2807Y,SEHK
65603,1000212629,CT#HSI  RC2609V,SEHK
65604,1000269474,BP#HSI  RC29035,SEHK
67100,1000258485,JP#TENCTRC2512M,SEHK
67103,1000264188,CI#HSI  RC27127,SEHK
67106,1000245247,SG#HSI  RC27101,SEHK
06660,1000167856,AIM VACCINE,SEHK
66601,1000269706,HS#TENCTRP2802C,SEHK
66605,1000258408,HS#HSI  RC2803N,SEHK
66607,1000264037,SG#HSI  RC2712T,SEHK
06690,1000066160,HAIER SMARTHOME,SEHK
66900,1000264109,UB#HSI  RC2802W,SEHK
66901,1000258475,UB#HSI  RC27106,SEHK
66905,1000258442,UB#HSI  RC2711Z,SEHK
66906,1000283108,HS#HSTECRC2605B,SEHK
66907,1000230509,UB#HSI  RC26106,SEHK
66908,1000230530,UB#HSI  RC2608W,SEHK
67400,1000258774,SG#PINANRC2710Q,SEHK
67401,1000245445,HS#HSI  RC2707G,SEHK
67403,1000245415,HS#HSI  RC2707Y,SEHK
67404,1000264259,UB#HSI  RC2802X,SEHK
67406,1000258720,SG#HSI  RC2711M,SEHK
67408,1000230814,JP#HSI  RC2610R,SEHK
67502,1000283125,JP#XTAPIRC2703A,SEHK
67503,1000245518,UB#HSI  RC27105,SEHK
67504,1000245462,UB#HKEX RC2710P,SEHK
67507,1000258683,MS#HSBC RC2712E,SEHK
67509,1000258736,MS#HSBC RC2712F,SEHK
67301,1000258608,SG#HSI  RC2707U,SEHK
67302,1000276125,UB#HSI  RP2803N,SEHK
67303,1000276075,UB#HSI  RP2808U,SEHK
67304,1000264225,SG#HSI  RC2711N,SEHK
67305,1000264176,SG#HSI  RC2803V,SEHK
67307,1000283274,JP#ALIBARP2810C,SEHK
67309,1000264249,SG#HSI  RC2802C,SEHK
67601,1000281170,JP#PINANRC2810D,SEHK
67602,1000214398,HS#HSTECRC2512C,SEHK
67603,1000270030,JP#JDCOMRC2805E,SEHK
67604,1000214319,HS#HSTECRC2512D,SEHK
67606,1000214399,HS#HSI  RC2611G,SEHK
67607,1000214346,HS#HSI  RC2610H,SEHK
67608,1000269952,JP#JDCOMRC2805F,SEHK
06820,1000010461,FRIENDTIMES,SEHK
68200,1000258938,UB#HSI  RC2709S,SEHK
68201,1000270251,BI#HSI  RC2807F,SEHK
68202,1000231363,CT#JDCOMRC2605A,SEHK
68203,1000258907,UB#WUXI RC2606A,SEHK
68204,1000283158,SG#GJINTRC2610C,SEHK
68205,1000283082,SG#AKESORC2702A,SEHK
68207,1000283309,SG#HSI  RC2811O,SEHK
68208,1000281161,UB#C MOBRP2604H,SEHK
67205,1000283150,JP#XIAMIRC2608H,SEHK
67206,1000230706,SG#HSI  RC2608C,SEHK
67207,1000283076,JP#JDCOMRC2612K,SEHK
67208,1000283302,JP#JDCOMRC2612L,SEHK
06830,70417,HUAZHONG IN-V,SEHK
68301,1000259081,UB#HSI  RC27114,SEHK
68302,1000259059,UB#HSI  RC27115,SEHK
68303,1000259015,UB#HSI  RC2803B,SEHK
68305,1000264449,BI#HSI  RC2801D,SEHK
68306,1000259038,UB#HSI  RC2803I,SEHK
68307,1000231493,JP#BOCL RC2608B,SEHK
68309,1000283505,DS#HSI  RP2803F,SEHK
06860,190375,FINGERTANGO,SEHK
68600,1000283362,BP#SMIC RC2605D,SEHK
68602,1000283403,BP#SMIC RC2605E,SEHK
68603,1000283458,BP#BAIDURC2607F,SEHK
68605,1000259217,SG#HSI  RC2811A,SEHK
68606,1000259235,SG#HSBC RC2808A,SEHK
68607,1000259252,SG#HSI  RC2708T,SEHK
68608,1000259198,SG#HSI  RC2710Y,SEHK
68609,1000283502,BP#ALIBARC2605D,SEHK
06780,1000283339,PRC B3211,SEHK
67802,1000214612,UB#HSI  RC2611D,SEHK
67803,1000214459,UB#HSI  RC2611E,SEHK
67806,1000270058,UB#HSI  RC28084,SEHK
67808,1000214637,BP#HSI  RC2609A,SEHK
67809,1000269983,UB#HSI  RC28085,SEHK
68500,1000270468,SG#POMRTRP2812G,SEHK
68501,1000270512,SG#TENCTRC2603B,SEHK
68504,1000259106,BP#HSI  RC2809Q,SEHK
68505,1000270427,SG#TENCTRC2603C,SEHK
68506,1000283352,SG#MTUANRC2607H,SEHK
68508,1000259123,BP#HSI  RC2809S,SEHK
68101,1000258862,CT#CLIFERC2712A,SEHK
68103,1000283306,SG#KUASORC2610A,SEHK
68105,1000283230,SG#MTUANRP2812R,SEHK
68106,1000281212,UB#CNOOCRP2605C,SEHK
68107,1000258955,JP#HSI  RC27108,SEHK
68108,1000281101,UB#C MOBRC2810A,SEHK
68109,1000258864,JP#HSI  RC2710A,SEHK
67702,1000264317,UB#SMIC RC2601A,SEHK
67703,1000283205,JP#HSI  RC2809U,SEHK
67704,1000283129,JP#HSI  RC2809V,SEHK
67706,1000283053,JP#HSI  RP2811F,SEHK
68400,1000276344,DS#HSI  RP2803U,SEHK
68401,1000276266,DS#HSI  RP2803V,SEHK
68402,1000276490,DS#HSI  RP2803W,SEHK
68404,1000259092,GJ#HSI  RC2711O,SEHK
68405,1000283396,UB#SMIC RC2604L,SEHK
68407,1000277688,JP#XIAMIRP2809A,SEHK
68408,1000283439,UB#TENCTRC2607Q,SEHK
68409,1000283484,UB#ALIBARC2608T,SEHK
68801,1000270680,HS#C MOBRP2612A,SEHK
68807,1000259311,MS#HSI  RC2803D,SEHK
67901,1000231028,UB#HSBC RC2612C,SEHK
67902,1000283117,UB#TENCTRP2809F,SEHK
67904,1000283041,UB#MTUANRP2810H,SEHK
67905,1000275967,JP#HSI  RP28093,SEHK
67906,1000231029,UB#HSI  RC26087,SEHK
68703,1000270668,SG#MTUANRP28126,SEHK
68704,1000270634,SG#HSI  RC28032,SEHK
68705,1000283506,HS#SMIC RC2606D,SEHK
68706,1000283377,HS#HSI  RC2809D,SEHK
68708,1000259278,SG#AIA  RC2606D,SEHK
06890,205310,KANGLI INT HLDG,SEHK
68903,1000259344,UB#HSI  RC2803P,SEHK
68904,1000259370,UB#HSI  RC27074,SEHK
68907,1000270826,JP#TENCTRC2603L,SEHK
68908,1000215556,SG#TRAHKRC2511A,SEHK
68909,1000270792,JP#ALIBARC26076,SEHK
69200,1000215945,HS#HSI  RC2609B,SEHK
69202,1000215930,HS#HSI  RC2609G,SEHK
69208,1000232336,GJ#HSI  RC25111,SEHK
69303,1000270855,JP#POMRTRP2808K,SEHK
69304,1000271071,JP#TENCTRP2804H,SEHK
69305,1000270927,JP#HKEX RP2807C,SEHK
69309,1000271072,JP#HKEX RP2807D,SEHK
69106,1000270905,DS#HSI  RP2802H,SEHK
06960,1000270085,SHUANGDENG,SEHK
69601,1000259579,BI#HSI  RC2712G,SEHK
69603,1000232736,UB#HSI  RC2707J,SEHK
69604,1000276498,JP#HSTECRP2809C,SEHK
69608,1000259559,BI#HSI  RC2712K,SEHK
06980,1000276177,BAMA TEA,SEHK
69801,1000264376,HU#HSI  RC2802D,SEHK
69805,1000216465,HS#WUXI RC2603A,SEHK
69705,1000232775,CI#HSI  RC2707H,SEHK
69707,1000216413,HS#HSI  RC2611M,SEHK
69708,1000216396,HS#HSI  RC2611O,SEHK
69401,1000271032,UB#HKEX RP2705B,SEHK
69405,1000270960,UB#SMIC RC2602B,SEHK
69406,1000271033,UB#SMIC RC2602C,SEHK
06990,1000196617,SKB BIO-B,SEHK
69900,1000264418,JP#BYD  RP2805B,SEHK
69902,1000264503,JP#HSI  RC2804K,SEHK
69903,1000232929,MS#HSI  RC2805B,SEHK
69501,1000259443,JP#TENCTRC2601T,SEHK
69509,1000259568,HU#HSI  RC2710G,SEHK
08030,74105,FENGYINHE,SEHK
08020,67549,UNITAS HOLD,SEHK
08040,175501,COOLPOINT INNO,SEHK
08070,137887,KEEN OCEAN,SEHK
80700,1000194659,TENCENT-R,SEHK
08050,5248,CITY COOLXUAN,SEHK
08060,5255,GLOBAL LINK,SEHK
08120,5303,CH DEMETER FIN,SEHK
08140,190373,BOSATECH,SEHK
08160,148043,GOLDWAY EDU,SEHK
08080,5271,NAS HOLDINGS,SEHK
08220,5367,BINGO GROUP,SEHK
08130,5310,DADI INTL GROUP,SEHK
08210,195844,DLC ASIA,SEHK
08270,6423,CHINA CBM,SEHK
08280,141563,CDV HOLDINGS,SEHK
82800,1000165705,TRACKER FUND-R,SEHK
08250,7613,DU DU HLDGS,SEHK
08290,131914,AHSAY BACKUP,SEHK
08350,171858,WELL LINK SEC,SEHK
08360,142464,BASIC H NEWLIFE,SEHK
08370,149769,ZHI SHENG GP,SEHK
08310,92801,YANCHENG PORT,SEHK
83108,1000083324,HGI ESGLEADER-R,SEHK
08320,146559,AEC GROUP,SEHK
08340,23571,ZIJING INTL FIN,SEHK
83403,1000170374,CAM HSI ESG-R,SEHK
83404,1000233157,CAM MSCIINDIA-R,SEHK
08420,156854,NEXION TECH,SEHK
08460,157304,BASETROPHY GP,SEHK
08430,164326,C&N HOLDINGS,SEHK
84404,1000160626,CDB N2707-R,SEHK
08450,174579,EDICO HOLDINGS,SEHK
84500,1000218902,MM PORT B2703-R,SEHK
84502,1000219088,YIDU SO B2603-R,SEHK
84503,1000219420,HB INV B2702-R,SEHK
84504,1000219516,MY SCI B2703-R,SEHK
84505,1000219517,CHIBI B2703-R,SEHK
84506,1000219626,NEWHOPE B2704-R,SEHK
84507,1000219982,ZIBO CT B2704-R,SEHK
84508,1000221105,CDB N2704-R,SEHK
84509,1000221106,CDB N2904-R,SEHK
08480,164265,FURNIWEB,SEHK
08490,186202,NICHE-TECH SEMI,SEHK
85005,1000246053,JMHT B2801-R,SEHK
85006,1000246153,SANSHUI B2801-R,SEHK
85007,1000251006,HKGB2.12 2603-R,SEHK
85008,1000247721,FE HORI N2802-R,SEHK
08510,176188,TOPSTANDARDCORP,SEHK
08540,190368,VICTORY SEC,SEHK
08620,1000034168,AE LOGISTICS,SEHK
85904,77534,CDB B2701-R,SEHK
85905,77535,CDB B3208-R,SEHK
86605,76417,PRC B2706-R,SEHK
09040,1000190425,GX MSCI CHINA-U,SEHK
09070,1000231575,PING AN HKDIV-U,SEHK
09430,1000266364,MBC BTC-U,SEHK
09480,1000275602,A VP USD MM-U,SEHK
09460,1000278516,CAM SOL-U,SEHK
09440,1000241859,GX 0-3M UST-U,SEHK
09450,1000236314,GX 3-5Y UST-U,SEHK
09660,1000238030,HORIZONROBOT-W,SEHK
09680,1000227113,CHENQI TECH,SEHK
09690,1000203179,TUHU-W,SEHK
09820,1000003955,GX CN BIOTECH-U,SEHK
09810,193458,PREMIAEMASEAN-U,SEHK
09880,1000208870,UBTECH ROBOTICS,SEHK
09840,1000233880,SPDR GOLD TRT-U,SEHK
09860,1000132836,ADICON HOLDINGS,SEHK
09890,1000192437,TANWAN,SEHK
09930,1000193085,HORIZON CD,SEHK
09960,1000101870,KINDSTAR GLOBAL,SEHK
09990,1000045904,ARCHOSAUR GAMES,SEHK
08013,152662,ECI TECH,GEM
08017,199543,TRADEGO,GEM
08018,94230,FINSOFT FIN,GEM
08019,5223,HAO WEN HLDGS,GEM
08021,5225,WLS HOLDINGS,GEM
08495,168189,1957 & CO.,GEM
